"","X","Project.ID","Cycle_number","year","Deployment.id_new","Unit","Subunit","Site","Settlements","Agriculture","Dunes","Lon","Lat","Monitoring_start_date","Start.date","Time.Diff","rescaled_Time.Diff","Monitoring.Time.Diff_numeric","sinus_Monitoring.Time.Diff","cosinus_Monitoring.Time.Diff","Distance","Distance_rescaled","Transect","Transect_with_date","Distance_agri","Distance_agri_rescaled","Canis aureus","Canis lupus","Capra nubiana","Dama mesopotamica","Equus hemionus","Gazella dorcas","Gazella gazella","Hyaena hyaena","Hystrix indica","Lepus capensis","Meles meles","Oryx leucoryx","Sus scrofa","Vulpes vulpes"
"1",75,"T0",0,2014,"Beit Yatir Far 19","Mediterranean Desert Transition Zone",NA,"Beit Yatir","Far",NA,NA,35.124834,31.369949,"29/04/2012","13/07/2014",805,-1.197176611,22,-0.008851309,-0.999960826,1091.636177,0.103640627,"Beit Yatir Far","Beit Yatir Far_13_07_2014",1445.22705,0.657779417,31,0,0,0,0,0,0,0,0,0,0,0,0,0
"2",76,"T0",0,2014,"Beit Yatir Far 20","Mediterranean Desert Transition Zone",NA,"Beit Yatir","Far",NA,NA,35.124834,31.369949,"29/04/2012","13/07/2014",805,-1.197176611,22,-0.008851309,-0.999960826,1091.636177,0.103640627,"Beit Yatir Far","Beit Yatir Far_13_07_2014",1445.22705,0.657779417,0,0,0,0,0,0,1,0,0,0,0,0,0,0
"3",77,"T0",0,2014,"Beit Yatir Far 23","Mediterranean Desert Transition Zone",NA,"Beit Yatir","Far",NA,NA,35.124834,31.369949,"29/04/2012","13/07/2014",805,-1.197176611,22,-0.008851309,-0.999960826,1091.636177,0.103640627,"Beit Yatir Far","Beit Yatir Far_13_07_2014",1445.22705,0.657779417,0,0,0,0,0,0,1,0,0,0,0,0,0,0
"4",78,"T0",0,2014,"Beit Yatir Far 24","Mediterranean Desert Transition Zone",NA,"Beit Yatir","Far",NA,NA,35.124834,31.369949,"29/04/2012","13/07/2014",805,-1.197176611,22,-0.008851309,-0.999960826,1091.636177,0.103640627,"Beit Yatir Far","Beit Yatir Far_13_07_2014",1445.22705,0.657779417,2,0,0,0,0,0,6,0,0,0,0,0,0,0
"5",79,"T0",0,2014,"Beit Yatir Far 26","Mediterranean Desert Transition Zone",NA,"Beit Yatir","Far",NA,NA,35.124834,31.369949,"29/04/2012","13/07/2014",805,-1.197176611,22,-0.008851309,-0.999960826,1091.636177,0.103640627,"Beit Yatir Far","Beit Yatir Far_13_07_2014",1445.22705,0.657779417,1,0,0,0,0,0,5,0,0,0,0,0,0,0
"6",80,"T0",0,2014,"Beit Yatir Far 27","Mediterranean Desert Transition Zone",NA,"Beit Yatir","Far",NA,NA,35.124834,31.369949,"29/04/2012","13/07/2014",805,-1.197176611,22,-0.008851309,-0.999960826,1091.636177,0.103640627,"Beit Yatir Far","Beit Yatir Far_13_07_2014",1445.22705,0.657779417,0,0,0,0,0,0,2,0,0,0,0,0,0,0
"7",81,"T0",0,2014,"Beit Yatir Near 11","Mediterranean Desert Transition Zone",NA,"Beit Yatir","Near",NA,NA,35.109329,31.358183,"29/04/2012","13/07/2014",805,-1.197176611,22,-0.008851309,-0.999960826,325.3939607,-0.610405287,"Beit Yatir Near","Beit Yatir Near_13_07_2014",190.564815,-0.50525152,6,0,0,0,0,0,0,0,0,1,0,0,0,0
"8",82,"T0",0,2014,"Beit Yatir Near 16","Mediterranean Desert Transition Zone",NA,"Beit Yatir","Near",NA,NA,35.109329,31.358183,"29/04/2012","13/07/2014",805,-1.197176611,22,-0.008851309,-0.999960826,325.3939607,-0.610405287,"Beit Yatir Near","Beit Yatir Near_13_07_2014",190.564815,-0.50525152,1,0,0,0,0,0,0,0,0,0,0,0,0,0
"9",83,"T0",0,2014,"Beit Yatir Near 17","Mediterranean Desert Transition Zone",NA,"Beit Yatir","Near",NA,NA,35.109329,31.358183,"29/04/2012","13/07/2014",805,-1.197176611,22,-0.008851309,-0.999960826,325.3939607,-0.610405287,"Beit Yatir Near","Beit Yatir Near_13_07_2014",190.564815,-0.50525152,1,0,0,0,0,0,0,0,0,0,0,0,0,0
"10",84,"T0",0,2014,"Har Amasa Far 3","Mediterranean Desert Transition Zone",NA,"Har Amasa","Far",NA,NA,35.093329,31.330906,"29/04/2012","17/07/2014",809,-1.193720376,26,0.76255845,0.646919322,1451.458448,0.438951861,"Har Amasa Far","Har Amasa Far_17_07_2014",361.145193,-0.347129078,0,0,0,0,0,0,2,0,0,0,0,0,0,0
"11",85,"T0",0,2014,"Har Amasa Far 5","Mediterranean Desert Transition Zone",NA,"Har Amasa","Far",NA,NA,35.093329,31.330906,"29/04/2012","17/07/2014",809,-1.193720376,26,0.76255845,0.646919322,1451.458448,0.438951861,"Har Amasa Far","Har Amasa Far_17_07_2014",361.145193,-0.347129078,0,0,0,0,0,0,0,1,0,0,0,0,0,0
"12",86,"T0",0,2014,"Har Amasa Far 9","Mediterranean Desert Transition Zone",NA,"Har Amasa","Far",NA,NA,35.093329,31.330906,"29/04/2012","17/07/2014",809,-1.193720376,26,0.76255845,0.646919322,1451.458448,0.438951861,"Har Amasa Far","Har Amasa Far_17_07_2014",361.145193,-0.347129078,0,0,0,0,0,0,0,0,1,0,0,0,0,0
"13",87,"T0",0,2014,"Har Amasa Near 29","Mediterranean Desert Transition Zone",NA,"Har Amasa","Near",NA,NA,35.100175,31.3435,"29/04/2012","17/07/2014",809,-1.193720376,26,0.76255845,0.646919322,7.591111871,-0.906559455,"Har Amasa Near","Har Amasa Near_17_07_2014",47.44978,-0.637914486,0,0,0,0,0,0,0,1,0,0,0,0,0,0
"14",88,"T0",0,2014,"Har Amasa Near 33","Mediterranean Desert Transition Zone",NA,"Har Amasa","Near",NA,NA,35.100175,31.3435,"29/04/2012","17/07/2014",809,-1.193720376,26,0.76255845,0.646919322,7.591111871,-0.906559455,"Har Amasa Near","Har Amasa Near_17_07_2014",47.44978,-0.637914486,0,0,0,0,0,0,0,0,1,0,0,0,0,0
"15",89,"T0",0,2014,"Har Amasa Near 34","Mediterranean Desert Transition Zone",NA,"Har Amasa","Near",NA,NA,35.100175,31.3435,"29/04/2012","17/07/2014",809,-1.193720376,26,0.76255845,0.646919322,7.591111871,-0.906559455,"Har Amasa Near","Har Amasa Near_17_07_2014",47.44978,-0.637914486,0,0,0,0,0,0,0,1,0,0,0,0,0,0
"16",90,"T0",0,2014,"Lahav Far 27","Mediterranean Desert Transition Zone",NA,"Lahav","Far",NA,NA,34.857092,31.374745,"29/04/2012","30/07/2014",822,-1.182487612,39,0.963795386,0.266642932,854.647897,-0.117204048,"Lahav Far","Lahav Far_30_07_2014",0,-0.681898884,3,0,0,0,0,0,0,1,0,1,0,0,0,0
"17",91,"T0",0,2014,"Lahav Near 11","Mediterranean Desert Transition Zone",NA,"Lahav","Near",NA,NA,34.86739,31.381659,"29/04/2012","30/07/2014",822,-1.182487612,39,0.963795386,0.266642932,59.14656958,-0.858515947,"Lahav Near","Lahav Near_30_07_2014",484.348022,-0.232924077,1,0,0,0,0,0,0,0,0,0,0,0,0,0
"18",92,"T0",0,2014,"Lahav Near 12","Mediterranean Desert Transition Zone",NA,"Lahav","Near",NA,NA,34.86739,31.381659,"29/04/2012","30/07/2014",822,-1.182487612,39,0.963795386,0.266642932,59.14656958,-0.858515947,"Lahav Near","Lahav Near_30_07_2014",484.348022,-0.232924077,3,0,0,0,0,0,0,0,10,0,0,0,0,0
"19",93,"T0",0,2014,"Lahav Near 14","Mediterranean Desert Transition Zone",NA,"Lahav","Near",NA,NA,34.86739,31.381659,"29/04/2012","30/07/2014",822,-1.182487612,39,0.963795386,0.266642932,59.14656958,-0.858515947,"Lahav Near","Lahav Near_30_07_2014",484.348022,-0.232924077,1,0,0,0,0,0,0,0,2,0,0,0,0,0
"20",94,"T0",0,2014,"Lahav Near 18","Mediterranean Desert Transition Zone",NA,"Lahav","Near",NA,NA,34.86739,31.381659,"29/04/2012","30/07/2014",822,-1.182487612,39,0.963795386,0.266642932,59.14656958,-0.858515947,"Lahav Near","Lahav Near_30_07_2014",484.348022,-0.232924077,1,0,0,0,0,0,0,0,0,0,0,0,0,0
"21",95,"T0",0,2014,"Lehavim Far 2","Mediterranean Desert Transition Zone",NA,"Lehavim","Far",NA,NA,34.835428,31.368971,"29/04/2012","31/07/2014",823,-1.181623554,40,0.74511316,-0.666938062,948.1151207,-0.030103797,"Lehavim Far","Lehavim Far_31_07_2014",72.632959,-0.614570501,0,0,0,0,0,0,0,0,0,3,0,0,0,0
"22",96,"T0",0,2014,"Lehavim Far 3","Mediterranean Desert Transition Zone",NA,"Lehavim","Far",NA,NA,34.835428,31.368971,"29/04/2012","31/07/2014",823,-1.181623554,40,0.74511316,-0.666938062,948.1151207,-0.030103797,"Lehavim Far","Lehavim Far_31_07_2014",72.632959,-0.614570501,2,0,0,0,0,0,0,0,0,0,0,0,0,0
"23",97,"T0",0,2014,"Lehavim Far 4","Mediterranean Desert Transition Zone",NA,"Lehavim","Far",NA,NA,34.835428,31.368971,"29/04/2012","31/07/2014",823,-1.181623554,40,0.74511316,-0.666938062,948.1151207,-0.030103797,"Lehavim Far","Lehavim Far_31_07_2014",72.632959,-0.614570501,0,0,0,0,0,0,0,0,0,1,0,0,0,0
"24",98,"T0",0,2014,"Lehavim Far 7","Mediterranean Desert Transition Zone",NA,"Lehavim","Far",NA,NA,34.835428,31.368971,"29/04/2012","31/07/2014",823,-1.181623554,40,0.74511316,-0.666938062,948.1151207,-0.030103797,"Lehavim Far","Lehavim Far_31_07_2014",72.632959,-0.614570501,4,0,0,0,0,0,0,0,0,0,0,0,0,0
"25",99,"T0",0,2014,"Lehavim Near 29","Mediterranean Desert Transition Zone",NA,"Lehavim","Near",NA,NA,34.806506,31.370853,"29/04/2012","31/07/2014",823,-1.181623554,40,0.74511316,-0.666938062,0,-0.913633462,"Lehavim Near","Lehavim Near_31_07_2014",305.301351,-0.398894497,1,0,0,0,0,0,0,0,0,2,0,0,0,0
"26",100,"T0",0,2014,"Lehavim Near 31","Mediterranean Desert Transition Zone",NA,"Lehavim","Near",NA,NA,34.806506,31.370853,"29/04/2012","31/07/2014",823,-1.181623554,40,0.74511316,-0.666938062,0,-0.913633462,"Lehavim Near","Lehavim Near_31_07_2014",305.301351,-0.398894497,1,0,0,0,0,0,0,0,0,0,0,0,0,0
"27",101,"T0",0,2014,"Mirsham Far 47","Mediterranean Desert Transition Zone",NA,"Mirsham","Far",NA,NA,34.904341,31.46315,"29/04/2012","04/08/2014",827,-1.178167319,44,0.017701925,0.999843309,2032.324721,0.980249613,"Mirsham Far","Mirsham Far_04_08_2014",203.702592,-0.49307323,0,0,0,0,0,0,0,1,0,0,0,0,0,0
"28",102,"T0",0,2014,"Mirsham Far 49","Mediterranean Desert Transition Zone",NA,"Mirsham","Far",NA,NA,34.904341,31.46315,"29/04/2012","04/08/2014",827,-1.178167319,44,0.017701925,0.999843309,2032.324721,0.980249613,"Mirsham Far","Mirsham Far_04_08_2014",203.702592,-0.49307323,1,0,0,0,0,0,0,0,0,0,0,0,0,0
"29",103,"T0",0,2014,"Mirsham Far 53","Mediterranean Desert Transition Zone",NA,"Mirsham","Far",NA,NA,34.904341,31.46315,"29/04/2012","04/08/2014",827,-1.178167319,44,0.017701925,0.999843309,2032.324721,0.980249613,"Mirsham Far","Mirsham Far_04_08_2014",203.702592,-0.49307323,0,0,0,0,0,0,2,0,0,0,0,0,0,0
"30",577,"T1",1,2017,"Beit Yatir Far 11","Mediterranean Desert Transition Zone",NA,"Beit Yatir","Far",NA,NA,35.12488667,31.37102833,"29/04/2012","03/01/2017",1710,-0.415203445,-169,0.601999868,0.798496186,1094.57372,0.106378065,"Beit Yatir Far","Beit Yatir Far_03_01_2017",1483.343503,0.693112124,0,0,0,0,0,0,1,0,0,0,0,0,0,2
"31",578,"T1",1,2017,"Beit Yatir Far 22","Mediterranean Desert Transition Zone",NA,"Beit Yatir","Far",NA,NA,35.12530833,31.37184167,"29/04/2012","03/01/2017",1710,-0.415203445,-169,0.601999868,0.798496186,1132.193843,0.141435511,"Beit Yatir Far","Beit Yatir Far_03_01_2017",1551.544471,0.756332196,0,0,0,0,0,0,0,0,0,0,0,0,0,7
"32",579,"T1",1,2017,"Beit Yatir Far 25","Mediterranean Desert Transition Zone",NA,"Beit Yatir","Far",NA,NA,35.12711333,31.37040167,"29/04/2012","03/01/2017",1710,-0.415203445,-169,0.601999868,0.798496186,1307.405158,0.304711459,"Beit Yatir Far","Beit Yatir Far_03_01_2017",1537.224253,0.743057821,1,0,0,0,0,0,0,0,0,0,0,0,0,1
"33",580,"T1",1,2017,"Beit Yatir Far 26","Mediterranean Desert Transition Zone",NA,"Beit Yatir","Far",NA,NA,35.12767,31.36994833,"29/04/2012","03/01/2017",1710,-0.415203445,-169,0.601999868,0.798496186,1327.504877,0.323441988,"Beit Yatir Far","Beit Yatir Far_03_01_2017",1478.883614,0.688977953,1,0,0,0,0,0,2,0,0,0,0,0,0,0
"34",581,"T1",1,2017,"Beit Yatir Far 29","Mediterranean Desert Transition Zone",NA,"Beit Yatir","Far",NA,NA,35.125555,31.372535,"29/04/2012","03/01/2017",1710,-0.415203445,-169,0.601999868,0.798496186,1153.53838,0.161326062,"Beit Yatir Far","Beit Yatir Far_03_01_2017",1602.319519,0.803399008,0,0,0,0,0,0,0,0,0,0,0,0,0,3
"35",582,"T1",1,2017,"Beit Yatir Far 30","Mediterranean Desert Transition Zone",NA,"Beit Yatir","Far",NA,NA,35.12643833,31.37087667,"29/04/2012","03/01/2017",1710,-0.415203445,-169,0.601999868,0.798496186,1242.59352,0.244314779,"Beit Yatir Far","Beit Yatir Far_03_01_2017",1601.479113,0.802619979,3,0,0,0,0,0,0,0,0,0,0,0,0,0
"36",583,"T1",1,2017,"Beit Yatir Far 31","Mediterranean Desert Transition Zone",NA,"Beit Yatir","Far",NA,NA,35.125855,31.37146167,"29/04/2012","03/01/2017",1710,-0.415203445,-169,0.601999868,0.798496186,1185.337917,0.190959419,"Beit Yatir Far","Beit Yatir Far_03_01_2017",1585.997409,0.788268945,0,0,0,0,0,0,0,0,0,0,0,0,0,3
"37",584,"T1",1,2017,"Beit Yatir Far 35","Mediterranean Desert Transition Zone",NA,"Beit Yatir","Far",NA,NA,35.12458167,31.37162333,"29/04/2012","03/01/2017",1710,-0.415203445,-169,0.601999868,0.798496186,1063.756702,0.077660298,"Beit Yatir Far","Beit Yatir Far_03_01_2017",1478.335012,0.688469417,1,0,0,0,0,0,6,0,0,0,0,0,0,5
"38",585,"T1",1,2017,"Beit Yatir Near 13","Mediterranean Desert Transition Zone",NA,"Beit Yatir","Near",NA,NA,35.108805,31.35901667,"29/04/2012","03/01/2017",1710,-0.415203445,-169,0.601999868,0.798496186,356.7091014,-0.581223329,"Beit Yatir Near","Beit Yatir Near_03_01_2017",109.35448,-0.58053085,0,0,0,0,0,0,0,0,0,0,0,0,0,3
"39",586,"T1",1,2017,"Beit Yatir Near 16","Mediterranean Desert Transition Zone",NA,"Beit Yatir","Near",NA,NA,35.109915,31.357945,"29/04/2012","03/01/2017",1710,-0.415203445,-169,0.601999868,0.798496186,279.9604877,-0.652743839,"Beit Yatir Near","Beit Yatir Near_03_01_2017",186.637706,-0.508891822,2,0,0,0,0,0,0,0,0,0,1,0,0,0
"40",587,"T1",1,2017,"Beit Yatir Near 19","Mediterranean Desert Transition Zone",NA,"Beit Yatir","Near",NA,NA,35.10781833,31.359205,"29/04/2012","03/01/2017",1710,-0.415203445,-169,0.601999868,0.798496186,435.361608,-0.507928619,"Beit Yatir Near","Beit Yatir Near_03_01_2017",146.119403,-0.546450967,2,0,0,0,0,0,0,0,1,1,1,0,0,2
"41",588,"T1",1,2017,"Beit Yatir Near 20","Mediterranean Desert Transition Zone",NA,"Beit Yatir","Near",NA,NA,35.11000167,31.35935167,"29/04/2012","03/01/2017",1710,-0.415203445,-169,0.601999868,0.798496186,237.9099248,-0.691929924,"Beit Yatir Near","Beit Yatir Near_03_01_2017",59.323529,-0.626907909,2,0,0,0,0,0,0,0,0,1,0,0,0,4
"42",589,"T1",1,2017,"Beit Yatir Near 23","Mediterranean Desert Transition Zone",NA,"Beit Yatir","Near",NA,NA,35.11087333,31.35851833,"29/04/2012","03/01/2017",1710,-0.415203445,-169,0.601999868,0.798496186,173.8536265,-0.751622717,"Beit Yatir Near","Beit Yatir Near_03_01_2017",79.278269,-0.608410516,11,0,0,0,0,0,0,0,0,2,1,0,0,2
"43",590,"T1",1,2017,"Beit Yatir Near 34","Mediterranean Desert Transition Zone",NA,"Beit Yatir","Near",NA,NA,35.11060333,31.358945,"29/04/2012","03/01/2017",1710,-0.415203445,-169,0.601999868,0.798496186,190.1258063,-0.736458996,"Beit Yatir Near","Beit Yatir Near_03_01_2017",59.651658,-0.626603744,3,0,0,0,0,0,0,0,0,1,0,0,0,2
"44",591,"T1",1,2017,"Beit Yatir Near 4","Mediterranean Desert Transition Zone",NA,"Beit Yatir","Near",NA,NA,35.11015333,31.358365,"29/04/2012","03/01/2017",1710,-0.415203445,-169,0.601999868,0.798496186,244.4251524,-0.685858513,"Beit Yatir Near","Beit Yatir Near_03_01_2017",136.416849,-0.555444917,2,0,0,0,0,0,0,0,0,0,0,0,0,2
"45",592,"T1",1,2017,"Beit Yatir Near 6","Mediterranean Desert Transition Zone",NA,"Beit Yatir","Near",NA,NA,35.10980333,31.35743,"29/04/2012","03/01/2017",1710,-0.415203445,-169,0.601999868,0.798496186,314.5320438,-0.620527292,"Beit Yatir Near","Beit Yatir Near_03_01_2017",237.149037,-0.462069467,2,0,0,0,0,0,0,0,0,0,0,0,0,0
"46",593,"T1",1,2016,"Har Amasa Far 25","Mediterranean Desert Transition Zone",NA,"Har Amasa","Far",NA,NA,35.09341833,31.33299667,"29/04/2012","22/12/2016",1698,-0.42557215,184,0.976584383,-0.215134707,1253.875948,0.25482865,"Har Amasa Far","Har Amasa Far_22_12_2016",264.084963,-0.437100743,2,0,0,0,0,0,0,0,0,0,0,0,0,4
"47",594,"T1",1,2016,"Har Amasa Far 29","Mediterranean Desert Transition Zone",NA,"Har Amasa","Far",NA,NA,35.09238,31.33252833,"29/04/2012","22/12/2016",1698,-0.42557215,184,0.976584383,-0.215134707,1352.842874,0.347053964,"Har Amasa Far","Har Amasa Far_22_12_2016",228.083203,-0.470473199,0,0,0,0,0,0,0,0,0,0,0,0,0,2
"48",595,"T1",1,2016,"Har Amasa Far 32","Mediterranean Desert Transition Zone",NA,"Har Amasa","Far",NA,NA,35.09116167,31.33217333,"29/04/2012","22/12/2016",1698,-0.42557215,184,0.976584383,-0.215134707,1454.232918,0.441537334,"Har Amasa Far","Har Amasa Far_22_12_2016",203.661502,-0.493111319,0,0,0,0,0,0,0,0,0,0,0,0,0,2
"49",596,"T1",1,2016,"Har Amasa Far 4","Mediterranean Desert Transition Zone",NA,"Har Amasa","Far",NA,NA,35.090805,31.33159167,"29/04/2012","22/12/2016",1698,-0.42557215,184,0.976584383,-0.215134707,1525.891292,0.508314351,"Har Amasa Far","Har Amasa Far_22_12_2016",181.830487,-0.513347957,0,0,0,0,0,0,0,0,0,0,0,0,0,1
"50",597,"T1",1,2016,"Har Amasa Far 6","Mediterranean Desert Transition Zone",NA,"Har Amasa","Far",NA,NA,35.09290167,31.33323167,"29/04/2012","22/12/2016",1698,-0.42557215,184,0.976584383,-0.215134707,1260.555098,0.261052817,"Har Amasa Far","Har Amasa Far_22_12_2016",228.291462,-0.47028015,0,0,0,0,0,0,0,0,0,1,0,0,0,1
"51",598,"T1",1,2016,"Har Amasa Near 13","Mediterranean Desert Transition Zone",NA,"Har Amasa","Near",NA,NA,35.099485,31.34426,"29/04/2012","22/12/2016",1698,-0.42557215,184,0.976584383,-0.215134707,64.05409988,-0.853942717,"Har Amasa Near","Har Amasa Near_22_12_2016",38.76434,-0.645965606,0,0,0,0,0,0,0,0,0,0,0,0,0,2
"52",599,"T1",1,2016,"Har Amasa Near 22","Mediterranean Desert Transition Zone",NA,"Har Amasa","Near",NA,NA,35.10005833,31.343195,"29/04/2012","22/12/2016",1698,-0.42557215,184,0.976584383,-0.215134707,28.94936059,-0.886656127,"Har Amasa Near","Har Amasa Near_22_12_2016",25.62629,-0.658144149,3,0,0,0,0,0,0,0,0,0,0,0,0,1
"53",600,"T1",1,2016,"Har Amasa Near 26","Mediterranean Desert Transition Zone",NA,"Har Amasa","Near",NA,NA,35.09904045,31.3453678,"29/04/2012","22/12/2016",1698,-0.42557215,184,0.976584383,-0.215134707,123.7246377,-0.798336927,"Har Amasa Near","Har Amasa Near_22_12_2016",41.322422,-0.643594347,0,0,0,0,0,0,3,0,0,0,2,0,0,5
"54",601,"T1",1,2016,"Har Amasa Near 31","Mediterranean Desert Transition Zone",NA,"Har Amasa","Near",NA,NA,35.09798148,31.34496113,"29/04/2012","22/12/2016",1698,-0.42557215,184,0.976584383,-0.215134707,214.8453148,-0.713423377,"Har Amasa Near","Har Amasa Near_22_12_2016",0,-0.681898884,0,0,0,0,0,0,0,0,0,0,0,0,0,1
"55",602,"T1",1,2016,"Har Amasa Near 34","Mediterranean Desert Transition Zone",NA,"Har Amasa","Near",NA,NA,35.09994667,31.34099833,"29/04/2012","22/12/2016",1698,-0.42557215,184,0.976584383,-0.215134707,170.8897359,-0.754384708,"Har Amasa Near","Har Amasa Near_22_12_2016",42.469687,-0.64253087,1,0,0,0,0,0,0,0,0,0,0,0,0,3
"56",603,"T1",1,2016,"Lahav Far 22","Mediterranean Desert Transition Zone",NA,"Lahav","Far",NA,NA,34.85894,31.376562,"29/04/2012","20/11/2016",1666,-0.45322203,152,0.933320524,0.359044287,649.4321578,-0.308440522,"Lahav Far","Lahav Far_20_11_2016",83.698196,-0.604313388,1,0,0,0,0,0,0,0,0,0,0,0,0,2
"57",604,"T1",1,2016,"Lahav Far 26","Mediterranean Desert Transition Zone",NA,"Lahav","Far",NA,NA,34.859833,31.376088,"29/04/2012","20/11/2016",1666,-0.45322203,152,0.933320524,0.359044287,569.0407193,-0.383355708,"Lahav Far","Lahav Far_20_11_2016",44.446405,-0.640698517,1,0,0,0,0,0,0,1,1,0,0,0,0,4
"58",605,"T1",1,2016,"Lahav Far 27","Mediterranean Desert Transition Zone",NA,"Lahav","Far",NA,NA,34.85821,31.376612,"29/04/2012","20/11/2016",1666,-0.45322203,152,0.933320524,0.359044287,718.6876625,-0.243902692,"Lahav Far","Lahav Far_20_11_2016",117.788597,-0.572712699,1,0,0,0,0,0,0,0,0,0,0,0,0,3
"59",606,"T1",1,2016,"Lahav Far 31","Mediterranean Desert Transition Zone",NA,"Lahav","Far",NA,NA,34.859833,31.376088,"29/04/2012","20/11/2016",1666,-0.45322203,152,0.933320524,0.359044287,569.0407193,-0.383355708,"Lahav Far","Lahav Far_20_11_2016",44.446405,-0.640698517,0,0,0,0,0,0,0,0,0,0,0,0,0,1
"60",607,"T1",1,2016,"Lahav Far 32","Mediterranean Desert Transition Zone",NA,"Lahav","Far",NA,NA,34.860872,31.376445,"29/04/2012","20/11/2016",1666,-0.45322203,152,0.933320524,0.359044287,466.5968195,-0.478821146,"Lahav Far","Lahav Far_20_11_2016",56.631084,-0.629403717,0,0,0,0,0,0,0,0,1,0,0,0,0,1
"61",608,"T1",1,2016,"Lahav Far 44","Mediterranean Desert Transition Zone",NA,"Lahav","Far",NA,NA,34.856545,31.37536,"29/04/2012","20/11/2016",1666,-0.45322203,152,0.933320524,0.359044287,890.5676625,-0.083731131,"Lahav Far","Lahav Far_20_11_2016",51.551725,-0.634112117,0,0,0,0,0,0,0,0,0,0,0,0,0,2
"62",609,"T1",1,2016,"Lahav Near 11","Mediterranean Desert Transition Zone",NA,"Lahav","Near",NA,NA,34.864305,31.383437,"29/04/2012","20/11/2016",1666,-0.45322203,152,0.933320524,0.359044287,361.3887989,-0.576862412,"Lahav Near","Lahav Near_20_11_2016",585.86432,-0.138821783,7,0,0,0,0,0,0,0,0,0,0,0,0,8
"63",610,"T1",1,2016,"Lahav Near 20","Mediterranean Desert Transition Zone",NA,"Lahav","Near",NA,NA,34.865683,31.382028,"29/04/2012","20/11/2016",1666,-0.45322203,152,0.933320524,0.359044287,157.5407285,-0.766824383,"Lahav Near","Lahav Near_20_11_2016",455.463818,-0.259698792,1,0,0,0,0,0,0,0,0,0,0,0,0,0
"64",611,"T1",1,2016,"Lahav Near 23","Mediterranean Desert Transition Zone",NA,"Lahav","Near",NA,NA,34.863857,31.383998,"29/04/2012","20/11/2016",1666,-0.45322203,152,0.933320524,0.359044287,436.3675542,-0.506991198,"Lahav Near","Lahav Near_20_11_2016",647.015737,-0.082136415,0,0,0,0,0,0,0,0,0,0,0,0,0,1
"65",612,"T1",1,2016,"Lahav Near 25","Mediterranean Desert Transition Zone",NA,"Lahav","Near",NA,NA,34.865225,31.383152,"29/04/2012","20/11/2016",1666,-0.45322203,152,0.933320524,0.359044287,283.7054701,-0.649253965,"Lahav Near","Lahav Near_20_11_2016",565.194534,-0.157982,5,0,0,0,0,0,0,0,0,0,0,0,0,1
"66",613,"T1",1,2016,"Lahav Near 30","Mediterranean Desert Transition Zone",NA,"Lahav","Near",NA,NA,34.865302,31.38264,"29/04/2012","20/11/2016",1666,-0.45322203,152,0.933320524,0.359044287,232.8531271,-0.696642254,"Lahav Near","Lahav Near_20_11_2016",511.248254,-0.20798844,1,0,0,0,0,0,0,0,0,0,0,0,0,0
"67",614,"T1",1,2016,"Lahav Near 34","Mediterranean Desert Transition Zone",NA,"Lahav","Near",NA,NA,34.864598,31.384017,"29/04/2012","20/11/2016",1666,-0.45322203,152,0.933320524,0.359044287,396.6446274,-0.544008205,"Lahav Near","Lahav Near_20_11_2016",652.187049,-0.077342778,3,0,0,0,0,0,0,0,0,0,0,0,0,1
"68",615,"T1",1,2016,"Lahav Near 4","Mediterranean Desert Transition Zone",NA,"Lahav","Near",NA,NA,34.86676,31.383597,"29/04/2012","20/11/2016",1666,-0.45322203,152,0.933320524,0.359044287,200.0241613,-0.727234915,"Lahav Near","Lahav Near_20_11_2016",569.559888,-0.153935459,4,0,0,0,0,0,0,0,0,0,0,0,0,1
"69",616,"T1",1,2016,"Lehavim Far 13","Mediterranean Desert Transition Zone",NA,"Lehavim","Far",NA,NA,34.83665833,31.36956333,"29/04/2012","05/11/2016",1651,-0.466182911,137,-0.942514455,0.334165383,1053.978393,0.068548086,"Lehavim Far","Lehavim Far_05_11_2016",143.94122,-0.548470071,0,0,0,0,0,0,0,0,0,0,0,0,0,1
"70",617,"T1",1,2016,"Lehavim Far 23","Mediterranean Desert Transition Zone",NA,"Lehavim","Far",NA,NA,34.83568333,31.36977167,"29/04/2012","05/11/2016",1651,-0.466182911,137,-0.942514455,0.334165383,959.3259989,-0.019656602,"Lehavim Far","Lehavim Far_05_11_2016",164.664952,-0.529259848,0,0,0,0,0,0,0,0,0,1,0,0,0,0
"71",618,"T1",1,2016,"Lehavim Far 27","Mediterranean Desert Transition Zone",NA,"Lehavim","Far",NA,NA,34.83530833,31.37007,"29/04/2012","05/11/2016",1651,-0.466182911,137,-0.942514455,0.334165383,921.0804042,-0.055296913,"Lehavim Far","Lehavim Far_05_11_2016",187.263925,-0.508311338,0,0,0,0,0,0,0,0,0,2,0,0,0,0
"72",619,"T1",1,2016,"Lehavim Far 31","Mediterranean Desert Transition Zone",NA,"Lehavim","Far",NA,NA,34.83,31.370815,"29/04/2012","05/11/2016",1651,-0.466182911,137,-0.942514455,0.334165383,414.7427539,-0.52714292,"Lehavim Far","Lehavim Far_05_11_2016",505.486213,-0.213329664,0,0,0,0,0,0,1,0,0,1,0,0,0,1
"73",620,"T1",1,2016,"Lehavim Far 32","Mediterranean Desert Transition Zone",NA,"Lehavim","Far",NA,NA,34.83219667,31.37016333,"29/04/2012","05/11/2016",1651,-0.466182911,137,-0.942514455,0.334165383,625.0765393,-0.33113704,"Lehavim Far","Lehavim Far_05_11_2016",292.536952,-0.410726678,0,0,0,0,0,0,0,0,0,0,0,0,0,4
"74",621,"T1",1,2016,"Lehavim Far 35","Mediterranean Desert Transition Zone",NA,"Lehavim","Far",NA,NA,34.83336,31.37048167,"29/04/2012","05/11/2016",1651,-0.466182911,137,-0.942514455,0.334165383,733.9129471,-0.229714551,"Lehavim Far","Lehavim Far_05_11_2016",249.974664,-0.45018053,1,0,0,0,0,0,0,0,0,0,0,0,0,0
"75",622,"T1",1,2016,"Lehavim Near 11","Mediterranean Desert Transition Zone",NA,"Lehavim","Near",NA,NA,34.82260667,31.3644,"29/04/2012","05/11/2016",1651,-0.466182911,137,-0.942514455,0.334165383,207.1156539,-0.720626494,"Lehavim Near","Lehavim Near_05_11_2016",470.680667,-0.245593269,0,0,0,0,0,0,0,0,0,0,0,0,0,2
"76",623,"T1",1,2016,"Lehavim Near 20","Mediterranean Desert Transition Zone",NA,"Lehavim","Near",NA,NA,34.822855,31.36368333,"29/04/2012","05/11/2016",1651,-0.466182911,137,-0.942514455,0.334165383,272.9047802,-0.659318913,"Lehavim Near","Lehavim Near_05_11_2016",426.605606,-0.286449412,0,0,0,0,0,0,0,0,0,0,0,0,0,1
"77",624,"T1",1,2016,"Lehavim Near 25","Mediterranean Desert Transition Zone",NA,"Lehavim","Near",NA,NA,34.82300333,31.36518,"29/04/2012","05/11/2016",1651,-0.466182911,137,-0.942514455,0.334165383,186.2748918,-0.740047587,"Lehavim Near","Lehavim Near_05_11_2016",562.006638,-0.160937075,0,0,0,0,0,0,0,0,0,0,0,0,0,2
"78",625,"T1",1,2016,"Lehavim Near 29","Mediterranean Desert Transition Zone",NA,"Lehavim","Near",NA,NA,34.82361667,31.3636667,"29/04/2012","05/11/2016",1651,-0.466182911,137,-0.942514455,0.334165383,332.6970063,-0.603599724,"Lehavim Near","Lehavim Near_05_11_2016",467.482058,-0.248558275,0,0,0,0,0,0,0,0,0,0,0,0,0,1
"79",626,"T1",1,2016,"Mirsham Far 13","Mediterranean Desert Transition Zone",NA,"Mirsham","Far",NA,NA,34.905425,31.46294333,"29/04/2012","03/12/2016",1679,-0.441989266,165,0.997797279,-0.066336936,1961.574652,0.914319028,"Mirsham Far","Mirsham Far_03_12_2016",254.990613,-0.445530909,0,0,0,0,0,0,0,0,5,0,1,0,0,5
"80",627,"T1",1,2016,"Mirsham Far 19","Mediterranean Desert Transition Zone",NA,"Mirsham","Far",NA,NA,34.902345,31.46181167,"29/04/2012","03/12/2016",1679,-0.441989266,165,0.997797279,-0.066336936,2272.700182,1.204250734,"Mirsham Far","Mirsham Far_03_12_2016",60.02528,-0.626257408,6,0,0,0,0,0,1,0,0,0,0,0,0,6
"81",628,"T1",1,2016,"Mirsham Far 20","Mediterranean Desert Transition Zone",NA,"Mirsham","Far",NA,NA,34.90429,31.46299333,"29/04/2012","03/12/2016",1679,-0.441989266,165,0.997797279,-0.066336936,2046.141226,0.99312494,"Mirsham Far","Mirsham Far_03_12_2016",186.282472,-0.509221113,3,0,0,0,0,0,3,0,5,0,0,0,0,7
"82",629,"T1",1,2016,"Mirsham Far 22","Mediterranean Desert Transition Zone",NA,"Mirsham","Far",NA,NA,34.902835,31.46252667,"29/04/2012","03/12/2016",1679,-0.441989266,165,0.997797279,-0.066336936,2189.656308,1.126863796,"Mirsham Far","Mirsham Far_03_12_2016",110.008477,-0.579924616,4,0,0,0,0,0,1,0,0,1,0,0,0,1
"83",630,"T1",1,2016,"Mirsham Far 23","Mediterranean Desert Transition Zone",NA,"Mirsham","Far",NA,NA,34.904915,31.46281833,"29/04/2012","03/12/2016",1679,-0.441989266,165,0.997797279,-0.066336936,2008.860133,0.958383429,"Mirsham Far","Mirsham Far_03_12_2016",208.942706,-0.488215815,0,0,0,0,0,0,0,0,1,0,0,0,0,1
"84",631,"T1",1,2016,"Mirsham Far 26","Mediterranean Desert Transition Zone",NA,"Mirsham","Far",NA,NA,34.901275,31.463075,"29/04/2012","03/12/2016",1679,-0.441989266,165,0.997797279,-0.066336936,2283.272251,1.214102636,"Mirsham Far","Mirsham Far_03_12_2016",158.358096,-0.535106098,0,0,0,0,0,0,1,0,0,0,0,0,0,1
"85",632,"T1",1,2016,"Mirsham Far 31","Mediterranean Desert Transition Zone",NA,"Mirsham","Far",NA,NA,34.906175,31.46308333,"29/04/2012","03/12/2016",1679,-0.441989266,165,0.997797279,-0.066336936,1895.277979,0.852538474,"Mirsham Far","Mirsham Far_03_12_2016",305.16928,-0.399016922,2,0,0,0,0,0,0,0,1,0,0,0,0,1
"86",633,"T1",1,2016,"Mirsham Far 34","Mediterranean Desert Transition Zone",NA,"Mirsham","Far",NA,NA,34.903275,31.46340833,"29/04/2012","03/12/2016",1679,-0.441989266,165,0.997797279,-0.066336936,2101.494815,1.044707851,"Mirsham Far","Mirsham Far_03_12_2016",203.85188,-0.492934845,2,0,0,0,0,0,0,0,0,0,0,0,0,0
"87",634,"T1",1,2016,"Mirsham Near 11","Mediterranean Desert Transition Zone",NA,"Mirsham","Near",NA,NA,34.92828833,31.48202333,"29/04/2012","03/12/2016",1679,-0.441989266,165,0.997797279,-0.066336936,343.5196378,-0.593514329,"Mirsham Near","Mirsham Near_03_12_2016",193.443488,-0.502583085,0,0,0,0,0,0,5,0,1,0,0,0,0,2
"88",635,"T1",1,2016,"Mirsham Near 11","Mediterranean Desert Transition Zone",NA,"Mirsham","Near",NA,NA,34.931455,31.48164833,"29/04/2012","03/12/2016",1679,-0.441989266,165,0.997797279,-0.066336936,343.5196378,-0.593514329,"Mirsham Near","Mirsham Near_03_12_2016",193.443488,-0.502583085,0,0,0,0,0,0,5,0,1,0,0,0,0,2
"89",636,"T1",1,2016,"Mirsham Near 25","Mediterranean Desert Transition Zone",NA,"Mirsham","Near",NA,NA,34.931455,31.48164833,"29/04/2012","03/12/2016",1679,-0.441989266,165,0.997797279,-0.066336936,474.1119613,-0.471817934,"Mirsham Near","Mirsham Near_03_12_2016",282.110773,-0.420391406,0,0,0,0,0,0,3,0,1,0,0,0,0,2
"90",637,"T1",1,2016,"Mirsham Near 29","Mediterranean Desert Transition Zone",NA,"Mirsham","Near",NA,NA,34.93061,31.47996333,"29/04/2012","03/12/2016",1679,-0.441989266,165,0.997797279,-0.066336936,288.851743,-0.644458255,"Mirsham Near","Mirsham Near_03_12_2016",228.369768,-0.470207563,0,0,0,0,0,0,2,0,1,0,0,0,0,1
"91",638,"T1",1,2016,"Mirsham Near 30","Mediterranean Desert Transition Zone",NA,"Mirsham","Near",NA,NA,34.93011667,31.479155,"29/04/2012","03/12/2016",1679,-0.441989266,165,0.997797279,-0.066336936,193.8045493,-0.733030848,"Mirsham Near","Mirsham Near_03_12_2016",170.968448,-0.523416713,0,0,0,0,0,0,1,0,0,0,0,0,0,0
"92",639,"T1",1,2016,"Mirsham Near 32","Mediterranean Desert Transition Zone",NA,"Mirsham","Near",NA,NA,34.93070939,31.47842452,"29/04/2012","03/12/2016",1679,-0.441989266,165,0.997797279,-0.066336936,201.890949,-0.725495293,"Mirsham Near","Mirsham Near_03_12_2016",180.837438,-0.514268481,0,0,0,0,0,0,0,0,1,0,0,0,0,0
"93",640,"T1",1,2016,"Mirsham Near 35","Mediterranean Desert Transition Zone",NA,"Mirsham","Near",NA,NA,34.92881667,31.48188,"29/04/2012","03/12/2016",1679,-0.441989266,165,0.997797279,-0.066336936,344.8076471,-0.592314058,"Mirsham Near","Mirsham Near_03_12_2016",214.672288,-0.48290468,1,0,0,0,0,0,3,0,0,0,0,0,0,3
"94",641,"T1",1,2016,"Mirsham Near 4","Mediterranean Desert Transition Zone",NA,"Mirsham","Near",NA,NA,34.93129333,31.48081833,"29/04/2012","03/12/2016",1679,-0.441989266,165,0.997797279,-0.066336936,400.7211667,-0.540209359,"Mirsham Near","Mirsham Near_03_12_2016",226.723478,-0.47173362,1,0,0,0,0,0,4,0,1,0,0,0,0,1
"95",642,"T1",1,2016,"Mirsham Near 44","Mediterranean Desert Transition Zone",NA,"Mirsham","Near",NA,NA,34.92984,31.482385,"29/04/2012","03/12/2016",1679,-0.441989266,165,0.997797279,-0.066336936,436.9557366,-0.506443083,"Mirsham Near","Mirsham Near_03_12_2016",209.573032,-0.487631524,0,0,0,0,0,0,0,1,1,0,0,0,0,0
"96",643,"T1",1,2016,"Mirsham Near 6","Mediterranean Desert Transition Zone",NA,"Mirsham","Near",NA,NA,34.93118333,31.48192333,"29/04/2012","03/12/2016",1679,-0.441989266,165,0.997797279,-0.066336936,475.7156779,-0.470323462,"Mirsham Near","Mirsham Near_03_12_2016",263.648013,-0.437505782,1,0,0,0,0,0,2,0,1,0,0,0,0,0
"97",1162,"T2",2,2018,"Beit Yatir Far 2","Mediterranean Desert Transition Zone",NA,"Beit Yatir","Far",NA,NA,35.12437,31.37202,"29/04/2012","20/11/2018",2396,0.177540855,152,0.933320524,0.359044287,1042.419435,0.057776522,"Beit Yatir Far","Beit Yatir Far_20_11_2018",1476.212128,0.686501573,1,0,0,0,0,0,3,0,0,8,0,0,0,1
"98",1163,"T2",2,2018,"Beit Yatir Far 4","Mediterranean Desert Transition Zone",NA,"Beit Yatir","Far",NA,NA,35.12525,31.372,"29/04/2012","20/11/2018",2396,0.177540855,152,0.933320524,0.359044287,1126.164477,0.135816865,"Beit Yatir Far","Beit Yatir Far_20_11_2018",1552.783381,0.757480625,0,0,0,0,0,0,0,0,0,0,0,0,0,1
"99",1164,"T2",2,2018,"Beit Yatir Far 5","Mediterranean Desert Transition Zone",NA,"Beit Yatir","Far",NA,NA,35.12586,31.37165,"29/04/2012","20/11/2018",2396,0.177540855,152,0.933320524,0.359044287,1185.239441,0.190867651,"Beit Yatir Far","Beit Yatir Far_20_11_2018",1578.927695,0.78171555,2,0,0,0,0,0,0,0,0,7,0,0,0,3
"100",1165,"T2",2,2018,"Beit Yatir Far 7","Mediterranean Desert Transition Zone",NA,"Beit Yatir","Far",NA,NA,35.12712,31.37072,"29/04/2012","20/11/2018",2396,0.177540855,152,0.933320524,0.359044287,1280.213447,0.279372043,"Beit Yatir Far","Beit Yatir Far_20_11_2018",1455.142999,0.666971178,1,0,0,0,0,0,1,0,0,4,0,0,0,1
"101",1166,"T2",2,2018,"Beit Yatir Far 8","Mediterranean Desert Transition Zone",NA,"Beit Yatir","Far",NA,NA,35.12757,31.36979,"29/04/2012","20/11/2018",2396,0.177540855,152,0.933320524,0.359044287,1314.996158,0.311785361,"Beit Yatir Far","Beit Yatir Far_20_11_2018",1346.892221,0.56662624,4,0,0,0,0,0,2,0,0,0,0,0,0,5
"102",1167,"T2",2,2018,"Beit Yatir Far 9","Mediterranean Desert Transition Zone",NA,"Beit Yatir","Far",NA,NA,35.12786,31.36937,"29/04/2012","20/11/2018",2396,0.177540855,152,0.933320524,0.359044287,1318.215087,0.314785017,"Beit Yatir Far","Beit Yatir Far_20_11_2018",1297.179522,0.520544191,7,0,0,0,0,0,2,0,0,4,0,0,0,5
"103",1168,"T2",2,2018,"Beit Yatir Near 1","Mediterranean Desert Transition Zone",NA,"Beit Yatir","Near",NA,NA,35.10696,31.35603,"29/04/2012","20/11/2018",2396,0.177540855,152,0.933320524,0.359044287,626.4289207,-0.329876782,"Beit Yatir Near","Beit Yatir Near_20_11_2018",22.717928,-0.660840106,2,0,0,0,0,0,0,0,0,0,0,0,0,2
"104",1169,"T2",2,2018,"Beit Yatir Near 5","Mediterranean Desert Transition Zone",NA,"Beit Yatir","Near",NA,NA,35.1075,31.35726,"29/04/2012","20/11/2018",2396,0.177540855,152,0.933320524,0.359044287,521.7801759,-0.427396871,"Beit Yatir Near","Beit Yatir Near_20_11_2018",17.060222,-0.666084615,0,0,0,0,0,0,0,0,0,0,0,0,0,8
"105",1170,"T2",2,2018,"Beit Yatir Near 6","Mediterranean Desert Transition Zone",NA,"Beit Yatir","Near",NA,NA,35.10811,31.35731,"29/04/2012","20/11/2018",2396,0.177540855,152,0.933320524,0.359044287,465.5554549,-0.479791573,"Beit Yatir Near","Beit Yatir Near_20_11_2018",18.256789,-0.664975436,0,0,0,0,0,0,0,0,0,0,0,0,0,1
"106",1171,"T2",2,2018,"Beit Yatir Near 7","Mediterranean Desert Transition Zone",NA,"Beit Yatir","Near",NA,NA,35.10891,31.3573,"29/04/2012","20/11/2018",2396,0.177540855,152,0.933320524,0.359044287,396.3321788,-0.54429937,"Beit Yatir Near","Beit Yatir Near_20_11_2018",53.328462,-0.63246514,0,0,0,0,0,0,0,0,0,0,0,0,0,5
"107",1172,"T2",2,2018,"Beit Yatir Near 8","Mediterranean Desert Transition Zone",NA,"Beit Yatir","Near",NA,NA,35.10852,31.35692,"29/04/2012","20/11/2018",2396,0.177540855,152,0.933320524,0.359044287,448.6571177,-0.495538798,"Beit Yatir Near","Beit Yatir Near_20_11_2018",69.141074,-0.617807365,0,0,0,0,0,0,2,0,0,0,0,0,0,8
"108",1173,"T2",2,2018,"Har Amasa Far 1","Mediterranean Desert Transition Zone",NA,"Har Amasa","Far",NA,NA,35.09324,31.33433,"29/04/2012","24/11/2018",2400,0.18099709,156,-0.881784619,0.471652294,1143.976388,0.152415431,"Har Amasa Far","Har Amasa Far_24_11_2018",123.738022,-0.567197776,0,0,0,0,0,0,0,0,2,0,0,0,0,1
"109",1174,"T2",2,2018,"Har Amasa Far 2","Mediterranean Desert Transition Zone",NA,"Har Amasa","Far",NA,NA,35.09274,31.33426,"29/04/2012","24/11/2018",2400,0.18099709,156,-0.881784619,0.471652294,1179.97028,0.185957425,"Har Amasa Far","Har Amasa Far_24_11_2018",141.8981,-0.550363977,0,0,0,0,0,0,0,0,0,0,0,0,0,1
"110",1175,"T2",2,2018,"Har Amasa Far 3","Mediterranean Desert Transition Zone",NA,"Har Amasa","Far",NA,NA,35.0924,31.33409,"29/04/2012","24/11/2018",2400,0.18099709,156,-0.881784619,0.471652294,1215.234246,0.218819215,"Har Amasa Far","Har Amasa Far_24_11_2018",164.147038,-0.529739937,0,0,0,0,0,0,0,0,0,0,0,0,0,1
"111",1176,"T2",2,2018,"Har Amasa Far 7","Mediterranean Desert Transition Zone",NA,"Har Amasa","Far",NA,NA,35.09208,31.33195,"29/04/2012","24/11/2018",2400,0.18099709,156,-0.881784619,0.471652294,1421.643612,0.411168007,"Har Amasa Far","Har Amasa Far_24_11_2018",260.618806,-0.440313758,1,0,0,0,0,0,3,1,0,0,0,0,0,3
"112",1177,"T2",2,2018,"Har Amasa Far 8","Mediterranean Desert Transition Zone",NA,"Har Amasa","Far",NA,NA,35.09156,31.33183,"29/04/2012","24/11/2018",2400,0.18099709,156,-0.881784619,0.471652294,1461.378902,0.448196535,"Har Amasa Far","Har Amasa Far_24_11_2018",251.142423,-0.449098055,0,0,0,0,0,0,0,0,0,0,0,0,0,3
"113",1178,"T2",2,2018,"Har Amasa Far 9","Mediterranean Desert Transition Zone",NA,"Har Amasa","Far",NA,NA,35.0906,31.33186,"29/04/2012","24/11/2018",2400,0.18099709,156,-0.881784619,0.471652294,1514.839997,0.498015868,"Har Amasa Far","Har Amasa Far_24_11_2018",189.47422,-0.506262466,1,0,0,0,0,0,10,0,0,0,0,0,0,4
"114",1179,"T2",2,2018,"Har Amasa Near 2","Mediterranean Desert Transition Zone",NA,"Har Amasa","Near",NA,NA,35.09874,31.34456,"29/04/2012","24/11/2018",2400,0.18099709,156,-0.881784619,0.471652294,138.1907651,-0.78485623,"Har Amasa Near","Har Amasa Near_24_11_2018",0,-0.681898884,2,0,0,0,0,0,0,0,0,1,0,0,0,0
"115",1180,"T2",2,2018,"Har Amasa Near 3","Mediterranean Desert Transition Zone",NA,"Har Amasa","Near",NA,NA,35.09835,31.34515,"29/04/2012","24/11/2018",2400,0.18099709,156,-0.881784619,0.471652294,182.3075964,-0.743744631,"Har Amasa Near","Har Amasa Near_24_11_2018",0,-0.681898884,0,0,0,0,0,0,4,0,0,1,0,0,0,4
"116",1181,"T2",2,2018,"Har Amasa Near 5","Mediterranean Desert Transition Zone",NA,"Har Amasa","Near",NA,NA,35.0972,31.34551,"29/04/2012","24/11/2018",2400,0.18099709,156,-0.881784619,0.471652294,296.7763495,-0.637073471,"Har Amasa Near","Har Amasa Near_24_11_2018",0,-0.681898884,0,0,0,0,0,0,10,0,0,2,0,0,0,6
"117",1182,"T2",2,2018,"Har Amasa Near 6","Mediterranean Desert Transition Zone",NA,"Har Amasa","Near",NA,NA,35.09644,31.34552,"29/04/2012","24/11/2018",2400,0.18099709,156,-0.881784619,0.471652294,368.0692849,-0.570637,"Har Amasa Near","Har Amasa Near_24_11_2018",0,-0.681898884,0,0,0,0,0,0,0,0,0,0,0,0,0,1
"118",1183,"T2",2,2018,"Har Amasa Near 7","Mediterranean Desert Transition Zone",NA,"Har Amasa","Near",NA,NA,35.09646,31.34361,"29/04/2012","24/11/2018",2400,0.18099709,156,-0.881784619,0.471652294,348.7561865,-0.588634493,"Har Amasa Near","Har Amasa Near_24_11_2018",24.184287,-0.659480839,2,0,0,0,0,0,0,0,0,0,1,0,0,3
"119",1184,"T2",2,2018,"Har Amasa Near 9","Mediterranean Desert Transition Zone",NA,"Har Amasa","Near",NA,NA,35.09758,31.34308,"29/04/2012","24/11/2018",2400,0.18099709,156,-0.881784619,0.471652294,256.4264744,-0.674674719,"Har Amasa Near","Har Amasa Near_24_11_2018",29.657511,-0.654407339,0,0,0,0,0,0,2,0,0,0,0,0,0,4
"120",1185,"T2",2,2018,"Lahav Far 2","Mediterranean Desert Transition Zone",NA,"Lahav","Far",NA,NA,34.85773,31.37367,"29/04/2012","30/10/2018",2375,0.159395621,131,-0.811603387,0.584208817,837.5688746,-0.13311965,"Lahav Far","Lahav Far_30_10_2018",46.639181,-0.638665885,0,0,0,0,0,0,0,0,0,0,0,0,0,7
"121",1186,"T2",2,2018,"Lahav Far 4","Mediterranean Desert Transition Zone",NA,"Lahav","Far",NA,NA,34.85916,31.37349,"29/04/2012","30/10/2018",2375,0.159395621,131,-0.811603387,0.584208817,725.4018096,-0.237645912,"Lahav Far","Lahav Far_30_10_2018",37.777721,-0.646880169,0,0,0,0,0,0,0,0,0,0,1,0,0,4
"122",1187,"T2",2,2018,"Lahav Far 5","Mediterranean Desert Transition Zone",NA,"Lahav","Far",NA,NA,34.85967,31.37359,"29/04/2012","30/10/2018",2375,0.159395621,131,-0.811603387,0.584208817,677.9969675,-0.281821543,"Lahav Far","Lahav Far_30_10_2018",29.63393,-0.654429198,0,0,0,0,0,0,0,0,0,0,0,0,0,1
"123",1188,"T2",2,2018,"Lahav Far 6","Mediterranean Desert Transition Zone",NA,"Lahav","Far",NA,NA,34.86006,31.37345,"29/04/2012","30/10/2018",2375,0.159395621,131,-0.811603387,0.584208817,654.1850989,-0.304011351,"Lahav Far","Lahav Far_30_10_2018",45.690195,-0.639545564,0,0,0,0,0,0,0,0,0,0,0,0,0,2
"124",1189,"T2",2,2018,"Lahav Far 7","Mediterranean Desert Transition Zone",NA,"Lahav","Far",NA,NA,34.86086,31.37328,"29/04/2012","30/10/2018",2375,0.159395621,131,-0.811603387,0.584208817,599.6010524,-0.354877141,"Lahav Far","Lahav Far_30_10_2018",61.462198,-0.624925432,0,0,0,0,0,0,0,0,1,0,1,0,0,0
"125",1190,"T2",2,2018,"Lahav Far 8","Mediterranean Desert Transition Zone",NA,"Lahav","Far",NA,NA,34.8613,31.37326,"29/04/2012","30/10/2018",2375,0.159395621,131,-0.811603387,0.584208817,566.8041391,-0.385439933,"Lahav Far","Lahav Far_30_10_2018",66.180603,-0.620551625,0,0,0,0,0,0,0,0,0,0,0,0,0,1
"126",1191,"T2",2,2018,"Lahav Far 9","Mediterranean Desert Transition Zone",NA,"Lahav","Far",NA,NA,34.8618,31.37354,"29/04/2012","30/10/2018",2375,0.159395621,131,-0.811603387,0.584208817,510.1322278,-0.438251363,"Lahav Far","Lahav Far_30_10_2018",38.036355,-0.646640424,0,0,0,0,0,0,0,0,0,0,0,0,0,7
"127",1192,"T2",2,2018,"Lahav Near 2","Mediterranean Desert Transition Zone",NA,"Lahav","Near",NA,NA,34.86286,31.38438,"29/04/2012","30/10/2018",2375,0.159395621,131,-0.811603387,0.584208817,531.6613146,-0.418188834,"Lahav Near","Lahav Near_30_10_2018",696.354249,-0.036401225,0,0,0,0,0,0,0,0,1,0,1,0,0,1
"128",1193,"T2",2,2018,"Lahav Near 3","Mediterranean Desert Transition Zone",NA,"Lahav","Near",NA,NA,34.86345,31.38467,"29/04/2012","30/10/2018",2375,0.159395621,131,-0.811603387,0.584208817,518.6717707,-0.430293532,"Lahav Near","Lahav Near_30_10_2018",722.93104,-0.011765407,1,0,0,0,0,0,0,1,0,0,0,0,0,3
"129",1194,"T2",2,2018,"Lahav Near 4","Mediterranean Desert Transition Zone",NA,"Lahav","Near",NA,NA,34.86398,31.38459,"29/04/2012","30/10/2018",2375,0.159395621,131,-0.811603387,0.584208817,481.9188259,-0.464542872,"Lahav Near","Lahav Near_30_10_2018",712.63509,-0.021309417,0,0,0,0,0,0,0,0,0,0,0,0,0,1
"130",1195,"T2",2,2018,"Lahav Near 5","Mediterranean Desert Transition Zone",NA,"Lahav","Near",NA,NA,34.86448,31.38426,"29/04/2012","30/10/2018",2375,0.159395621,131,-0.811603387,0.584208817,425.4766659,-0.517140201,"Lahav Near","Lahav Near_30_10_2018",678.052517,-0.053366333,2,0,0,0,0,0,0,0,0,0,0,0,0,6
"131",1196,"T2",2,2018,"Lahav Near 6","Mediterranean Desert Transition Zone",NA,"Lahav","Near",NA,NA,34.8651,31.38428,"29/04/2012","30/10/2018",2375,0.159395621,131,-0.811603387,0.584208817,375.1162665,-0.564070057,"Lahav Near","Lahav Near_30_10_2018",686.523535,-0.045513976,6,0,0,0,0,0,0,0,0,0,0,0,0,0
"132",1197,"T2",2,2018,"Lahav Near 8","Mediterranean Desert Transition Zone",NA,"Lahav","Near",NA,NA,34.86625,31.38376,"29/04/2012","30/10/2018",2375,0.159395621,131,-0.811603387,0.584208817,251.701285,-0.679078029,"Lahav Near","Lahav Near_30_10_2018",620.357889,-0.10684737,3,0,0,0,0,0,0,1,0,0,0,0,0,7
"133",1198,"T2",2,2018,"Lahav Near 9","Mediterranean Desert Transition Zone",NA,"Lahav","Near",NA,NA,34.8669,31.38364,"29/04/2012","30/10/2018",2375,0.159395621,131,-0.811603387,0.584208817,190.0937457,-0.736488873,"Lahav Near","Lahav Near_30_10_2018",557.172715,-0.165417964,0,0,0,0,0,0,0,0,0,0,0,0,0,2
"134",1199,"T2",2,2018,"Lehavim Far 1","Mediterranean Desert Transition Zone",NA,"Lehavim","Far",NA,NA,34.82907,31.37475,"29/04/2012","08/12/2018",2414,0.193093912,170,0.346649455,0.937994752,532.4143492,-0.417487096,"Lehavim Far","Lehavim Far_08_12_2018",869.911366,0.124480557,0,0,0,0,0,0,0,0,0,0,2,0,0,18
"135",1200,"T2",2,2018,"Lehavim Far 2","Mediterranean Desert Transition Zone",NA,"Lehavim","Far",NA,NA,34.82832,31.37516,"29/04/2012","08/12/2018",2414,0.193093912,170,0.346649455,0.937994752,514.4079856,-0.434266869,"Lehavim Far","Lehavim Far_08_12_2018",949.57437,0.198325561,0,0,0,0,0,0,0,0,1,0,0,0,0,5
"136",1201,"T2",2,2018,"Lehavim Far 4","Mediterranean Desert Transition Zone",NA,"Lehavim","Far",NA,NA,34.82792,31.37651,"29/04/2012","08/12/2018",2414,0.193093912,170,0.346649455,0.937994752,617.0635642,-0.338604172,"Lehavim Far","Lehavim Far_08_12_2018",1088.032352,0.326671591,0,0,0,0,0,0,0,0,0,0,0,0,0,8
"137",1202,"T2",2,2018,"Lehavim Far 5","Mediterranean Desert Transition Zone",NA,"Lehavim","Far",NA,NA,34.82749,31.37775,"29/04/2012","08/12/2018",2414,0.193093912,170,0.346649455,0.937994752,705.9445906,-0.255777708,"Lehavim Far","Lehavim Far_08_12_2018",951.693009,0.200289471,0,0,0,0,0,0,0,0,2,0,0,0,0,3
"138",1203,"T2",2,2018,"Lehavim Far 7","Mediterranean Desert Transition Zone",NA,"Lehavim","Far",NA,NA,34.82621,31.37899,"29/04/2012","08/12/2018",2414,0.193093912,170,0.346649455,0.937994752,767.8214995,-0.198115844,"Lehavim Far","Lehavim Far_08_12_2018",830.379281,0.087835605,0,0,0,0,0,0,0,0,7,0,0,0,0,2
"139",1204,"T2",2,2018,"Lehavim Far 9","Mediterranean Desert Transition Zone",NA,"Lehavim","Far",NA,NA,34.82774,31.37982,"29/04/2012","08/12/2018",2414,0.193093912,170,0.346649455,0.937994752,913.475395,-0.06238387,"Lehavim Far","Lehavim Far_08_12_2018",721.383192,-0.013200212,0,0,0,0,0,0,0,0,10,0,0,0,0,5
"140",1205,"T2",2,2018,"Lehavim Near 1","Mediterranean Desert Transition Zone",NA,"Lehavim","Near",NA,NA,34.823,31.36518,"29/04/2012","08/12/2018",2414,0.193093912,170,0.346649455,0.937994752,186.0196786,-0.740285415,"Lehavim Near","Lehavim Near_08_12_2018",764.478155,0.026747412,0,0,0,0,0,0,0,0,0,33,0,0,0,7
"141",1206,"T2",2,2018,"Lehavim Near 2","Mediterranean Desert Transition Zone",NA,"Lehavim","Near",NA,NA,34.82366,31.3645,"29/04/2012","08/12/2018",2414,0.193093912,170,0.346649455,0.937994752,281.2746408,-0.651519206,"Lehavim Near","Lehavim Near_08_12_2018",747.707078,0.011201171,0,0,0,0,0,0,0,0,0,0,1,0,0,1
"142",1207,"T2",2,2018,"Lehavim Near 3","Mediterranean Desert Transition Zone",NA,"Lehavim","Near",NA,NA,34.8226,31.3644,"29/04/2012","08/12/2018",2414,0.193093912,170,0.346649455,0.937994752,206.6044556,-0.72110287,"Lehavim Near","Lehavim Near_08_12_2018",674.262643,-0.056879423,0,0,0,0,0,0,0,0,0,1,0,0,0,0
"143",1208,"T2",2,2018,"Lehavim Near 4","Mediterranean Desert Transition Zone",NA,"Lehavim","Near",NA,NA,34.82309,31.36382,"29/04/2012","08/12/2018",2414,0.193093912,170,0.346649455,0.937994752,282.2612516,-0.650599803,"Lehavim Near","Lehavim Near_08_12_2018",655.428595,-0.07433797,0,0,0,0,0,0,0,0,0,2,0,0,0,1
"144",1209,"T2",2,2018,"Lehavim Near 7","Mediterranean Desert Transition Zone",NA,"Lehavim","Near",NA,NA,34.82568,31.36343,"29/04/2012","08/12/2018",2414,0.193093912,170,0.346649455,0.937994752,506.3829286,-0.44174526,"Lehavim Near","Lehavim Near_08_12_2018",692.49786,-0.039975972,1,0,0,0,0,0,0,0,0,0,0,0,0,1
"145",1210,"T2",2,2018,"Mirsham Far 1","Mediterranean Desert Transition Zone",NA,"Mirsham","Far",NA,NA,34.90586,31.46342,"29/04/2012","29/10/2018",2374,0.158531562,130,-0.93010595,-0.36729133,1896.988738,0.854132696,"Mirsham Far","Mirsham Far_29_10_2018",320.417541,-0.384882282,1,0,0,0,0,0,7,0,0,0,0,0,0,2
"146",1211,"T2",2,2018,"Mirsham Far 2","Mediterranean Desert Transition Zone",NA,"Mirsham","Far",NA,NA,34.90532,31.46319,"29/04/2012","29/10/2018",2374,0.158531562,130,-0.93010595,-0.36729133,1953.528135,0.906820638,"Mirsham Far","Mirsham Far_29_10_2018",265.208903,-0.436058887,0,0,0,0,0,0,2,0,0,0,0,0,0,2
"147",1212,"T2",2,2018,"Mirsham Far 3","Mediterranean Desert Transition Zone",NA,"Mirsham","Far",NA,NA,34.90487,31.46338,"29/04/2012","29/10/2018",2374,0.158531562,130,-0.93010595,-0.36729133,1976.428047,0.928160612,"Mirsham Far","Mirsham Far_29_10_2018",252.731325,-0.447625195,0,0,0,0,0,0,1,0,2,0,1,0,0,0
"148",1213,"T2",2,2018,"Mirsham Far 4","Mediterranean Desert Transition Zone",NA,"Mirsham","Far",NA,NA,34.90441,31.46346,"29/04/2012","29/10/2018",2374,0.158531562,130,-0.93010595,-0.36729133,2007.710853,0.957312438,"Mirsham Far","Mirsham Far_29_10_2018",237.041792,-0.46216888,0,0,0,0,0,0,1,0,0,0,1,0,0,6
"149",1214,"T2",2,2018,"Mirsham Far 5","Mediterranean Desert Transition Zone",NA,"Mirsham","Far",NA,NA,34.90327,31.4634,"29/04/2012","29/10/2018",2374,0.158531562,130,-0.93010595,-0.36729133,2102.387789,1.045539995,"Mirsham Far","Mirsham Far_29_10_2018",202.920424,-0.493798274,0,0,0,0,0,0,0,0,0,0,0,0,0,3
"150",1215,"T2",2,2018,"Mirsham Far 7","Mediterranean Desert Transition Zone",NA,"Mirsham","Far",NA,NA,34.902,31.46393,"29/04/2012","29/10/2018",2374,0.158531562,130,-0.93010595,-0.36729133,2176.455346,1.114562082,"Mirsham Far","Mirsham Far_29_10_2018",112.81454,-0.577323487,0,0,0,0,0,0,6,0,0,0,0,0,0,0
"151",1216,"T2",2,2018,"Mirsham Far 9","Mediterranean Desert Transition Zone",NA,"Mirsham","Far",NA,NA,34.90098,31.46413,"29/04/2012","29/10/2018",2374,0.158531562,130,-0.93010595,-0.36729133,2251.392724,1.184394737,"Mirsham Far","Mirsham Far_29_10_2018",81.297865,-0.606538416,1,0,0,0,0,0,3,0,0,0,1,0,0,8
"152",1217,"T2",2,2018,"Mirsham Near 1","Mediterranean Desert Transition Zone",NA,"Mirsham","Near",NA,NA,34.92967,31.4792,"29/04/2012","29/10/2018",2374,0.158531562,130,-0.93010595,-0.36729133,165.8215884,-0.759107614,"Mirsham Near","Mirsham Near_29_10_2018",348.883533,-0.358495237,0,0,0,0,0,0,0,0,0,0,0,0,0,1
"153",1218,"T2",2,2018,"Mirsham Near 2","Mediterranean Desert Transition Zone",NA,"Mirsham","Near",NA,NA,34.93002,31.47932,"29/04/2012","29/10/2018",2374,0.158531562,130,-0.93010595,-0.36729133,199.3547441,-0.727858732,"Mirsham Near","Mirsham Near_29_10_2018",327.159077,-0.378633098,1,0,0,0,0,0,6,0,8,0,0,0,0,0
"154",1219,"T2",2,2018,"Mirsham Near 3","Mediterranean Desert Transition Zone",NA,"Mirsham","Near",NA,NA,34.93074,31.47997,"29/04/2012","29/10/2018",2374,0.158531562,130,-0.93010595,-0.36729133,298.4736149,-0.635491823,"Mirsham Near","Mirsham Near_29_10_2018",246.668597,-0.453245146,2,0,0,0,0,0,4,0,1,0,0,0,0,0
"155",1220,"T2",2,2018,"Mirsham Near 4","Mediterranean Desert Transition Zone",NA,"Mirsham","Near",NA,NA,34.93135,31.48078,"29/04/2012","29/10/2018",2374,0.158531562,130,-0.93010595,-0.36729133,401.8329084,-0.539173349,"Mirsham Near","Mirsham Near_29_10_2018",159.739475,-0.533825604,2,0,0,0,0,0,8,0,0,0,0,0,0,0
"156",1221,"T2",2,2018,"Mirsham Near 5","Mediterranean Desert Transition Zone",NA,"Mirsham","Near",NA,NA,34.93165,31.4817,"29/04/2012","29/10/2018",2374,0.158531562,130,-0.93010595,-0.36729133,491.6591959,-0.455466014,"Mirsham Near","Mirsham Near_29_10_2018",80.123896,-0.607626647,0,0,0,0,0,0,0,0,0,0,1,0,0,0
"157",1222,"T2",2,2018,"Mirsham Near 6","Mediterranean Desert Transition Zone",NA,"Mirsham","Near",NA,NA,34.93116,31.48196,"29/04/2012","29/10/2018",2374,0.158531562,130,-0.93010595,-0.36729133,476.9378693,-0.469184527,"Mirsham Near","Mirsham Near_29_10_2018",28.626496,-0.655363056,19,0,0,0,0,0,12,0,0,0,0,0,0,1
"158",1223,"T2",2,2018,"Mirsham Near 7","Mediterranean Desert Transition Zone",NA,"Mirsham","Near",NA,NA,34.92984,31.48242,"29/04/2012","29/10/2018",2374,0.158531562,130,-0.93010595,-0.36729133,440.3300355,-0.50329864,"Mirsham Near","Mirsham Near_29_10_2018",80.933896,-0.606875804,4,0,0,0,0,0,0,0,0,0,0,0,0,0
"159",1224,"T2",2,2018,"Mirsham Near 8","Mediterranean Desert Transition Zone",NA,"Mirsham","Near",NA,NA,34.92894,31.48218,"29/04/2012","29/10/2018",2374,0.158531562,130,-0.93010595,-0.36729133,380.0713721,-0.559452493,"Mirsham Near","Mirsham Near_29_10_2018",169.384058,-0.524885391,3,0,0,0,0,0,0,0,0,0,0,0,0,1
"160",1225,"T2",2,2018,"Mirsham Near 9","Mediterranean Desert Transition Zone",NA,"Mirsham","Near",NA,NA,34.92792,31.48194,"29/04/2012","29/10/2018",2374,0.158531562,130,-0.93010595,-0.36729133,323.4660904,-0.612201832,"Mirsham Near","Mirsham Near_29_10_2018",195.263844,-0.500895674,5,0,0,0,0,0,14,0,5,0,1,0,0,4
"161",1715,"T3",3,2020,"Beit Yatir Far 2","Mediterranean Desert Transition Zone",NA,"Beit Yatir","Far",NA,NA,35.12397364,31.37217382,"29/04/2012","16/11/2020",3123,0.805711564,148,-0.338333394,-0.941026309,1004.258857,0.022215437,"Beit Yatir Far","Beit Yatir Far_16_11_2020",970.361841,0.217594869,0,0,0,0,0,0,0,0,0,0,0,0,0,5
"162",1716,"T3",3,2020,"Beit Yatir Far 3","Mediterranean Desert Transition Zone",NA,"Beit Yatir","Far",NA,NA,35.12501031,31.37273804,"29/04/2012","16/11/2020",3123,0.805711564,148,-0.338333394,-0.941026309,1101.331414,0.112675426,"Beit Yatir Far","Beit Yatir Far_16_11_2020",859.476463,0.114807743,4,0,0,0,0,0,1,0,0,0,0,0,0,0
"163",1717,"T3",3,2020,"Beit Yatir Far 4","Mediterranean Desert Transition Zone",NA,"Beit Yatir","Far",NA,NA,35.12568422,31.37241342,"29/04/2012","16/11/2020",3123,0.805711564,148,-0.338333394,-0.941026309,1166.197006,0.173122384,"Beit Yatir Far","Beit Yatir Far_16_11_2020",852.35536,0.108206713,0,0,0,0,0,0,0,0,0,3,0,0,0,3
"164",1718,"T3",3,2020,"Beit Yatir Far 5","Mediterranean Desert Transition Zone",NA,"Beit Yatir","Far",NA,NA,35.12591992,31.37174529,"29/04/2012","16/11/2020",3123,0.805711564,148,-0.338333394,-0.941026309,1190.647176,0.195907012,"Beit Yatir Far","Beit Yatir Far_16_11_2020",900.264187,0.152616631,0,0,0,0,0,0,0,0,0,0,0,0,0,2
"165",1719,"T3",3,2020,"Beit Yatir Far 6","Mediterranean Desert Transition Zone",NA,"Beit Yatir","Far",NA,NA,35.1264406,31.37118507,"29/04/2012","16/11/2020",3123,0.805711564,148,-0.338333394,-0.941026309,1241.869325,0.243639916,"Beit Yatir Far","Beit Yatir Far_16_11_2020",927.969427,0.178298485,8,0,0,0,0,0,6,0,0,0,0,0,0,5
"166",1720,"T3",3,2020,"Beit Yatir Near 3","Mediterranean Desert Transition Zone",NA,"Beit Yatir","Near",NA,NA,35.1061289,31.35656992,"29/04/2012","16/11/2020",3123,0.805711564,148,-0.338333394,-0.941026309,671.0664952,-0.288279913,"Beit Yatir Near","Beit Yatir Near_16_11_2020",0,-0.681898884,0,0,0,0,0,0,0,0,0,0,0,0,0,1
"167",1721,"T3",3,2020,"Beit Yatir Near 4","Mediterranean Desert Transition Zone",NA,"Beit Yatir","Near",NA,NA,35.10666031,31.3568024,"29/04/2012","16/11/2020",3123,0.805711564,148,-0.338333394,-0.941026309,614.5248003,-0.340969996,"Beit Yatir Near","Beit Yatir Near_16_11_2020",0,-0.681898884,2,0,0,0,0,0,3,0,0,0,0,0,0,2
"168",1722,"T3",3,2020,"Beit Yatir Near 5","Mediterranean Desert Transition Zone",NA,"Beit Yatir","Near",NA,NA,35.10740999,31.35722929,"29/04/2012","16/11/2020",3123,0.805711564,148,-0.338333394,-0.941026309,530.9921371,-0.418812427,"Beit Yatir Near","Beit Yatir Near_16_11_2020",0,-0.681898884,0,0,0,0,0,0,13,0,0,0,0,0,0,0
"169",1723,"T3",3,2020,"Beit Yatir Near 6","Mediterranean Desert Transition Zone",NA,"Beit Yatir","Near",NA,NA,35.10802958,31.35748438,"29/04/2012","16/11/2020",3123,0.805711564,148,-0.338333394,-0.941026309,465.971394,-0.479403967,"Beit Yatir Near","Beit Yatir Near_16_11_2020",0,-0.681898884,0,0,0,0,0,0,18,0,0,0,0,0,0,10
"170",1724,"T3",3,2020,"Beit Yatir Near 8","Mediterranean Desert Transition Zone",NA,"Beit Yatir","Near",NA,NA,35.10846678,31.35707754,"29/04/2012","16/11/2020",3123,0.805711564,148,-0.338333394,-0.941026309,445.0599674,-0.498890911,"Beit Yatir Near","Beit Yatir Near_16_11_2020",0,-0.681898884,0,0,0,0,0,0,24,0,0,0,0,0,0,2
"171",1725,"T3",3,2020,"Beit Yatir Near 9","Mediterranean Desert Transition Zone",NA,"Beit Yatir","Near",NA,NA,35.10791559,31.35642219,"29/04/2012","16/11/2020",3123,0.805711564,148,-0.338333394,-0.941026309,526.0218148,-0.423444172,"Beit Yatir Near","Beit Yatir Near_16_11_2020",0,-0.681898884,1,0,0,0,0,0,10,0,0,0,0,0,0,2
"172",1726,"T3",3,2020,"Har Amasa Far 3","Mediterranean Desert Transition Zone",NA,"Har Amasa","Far",NA,NA,35.09253815,31.33406603,"29/04/2012","16/11/2020",3123,0.805711564,148,-0.338333394,-0.941026309,1208.790479,0.212814396,"Har Amasa Far","Har Amasa Far_16_11_2020",168.174834,-0.526006302,0,0,0,0,0,0,0,0,0,0,0,0,0,3
"173",1727,"T3",3,2020,"Har Amasa Far 4","Mediterranean Desert Transition Zone",NA,"Har Amasa","Far",NA,NA,35.09245399,31.33356316,"29/04/2012","16/11/2020",3123,0.805711564,148,-0.338333394,-0.941026309,1257.07086,0.257805925,"Har Amasa Far","Har Amasa Far_16_11_2020",178.165699,-0.516745096,0,0,0,0,0,0,0,0,0,0,0,0,0,1
"174",1728,"T3",3,2020,"Har Amasa Far 5","Mediterranean Desert Transition Zone",NA,"Har Amasa","Far",NA,NA,35.09253915,31.3331124,"29/04/2012","16/11/2020",3123,0.805711564,148,-0.338333394,-0.941026309,1291.674607,0.29005247,"Har Amasa Far","Har Amasa Far_16_11_2020",204.279343,-0.492538601,1,0,0,0,0,0,1,0,0,0,0,0,0,3
"175",1729,"T3",3,2020,"Har Amasa Far 6","Mediterranean Desert Transition Zone",NA,"Har Amasa","Far",NA,NA,35.09248618,31.33224782,"29/04/2012","16/11/2020",3123,0.805711564,148,-0.338333394,-0.941026309,1372.448012,0.365323603,"Har Amasa Far","Har Amasa Far_16_11_2020",259.444515,-0.441402287,0,0,0,0,0,0,0,0,0,1,0,0,0,3
"176",1730,"T3",3,2020,"Har Amasa Far 7","Mediterranean Desert Transition Zone",NA,"Har Amasa","Far",NA,NA,35.0922126,31.33183084,"29/04/2012","16/11/2020",3123,0.805711564,148,-0.338333394,-0.941026309,1425.295596,0.414571218,"Har Amasa Far","Har Amasa Far_16_11_2020",280.778108,-0.421626743,0,0,0,0,0,0,3,0,0,1,1,0,0,9
"177",1731,"T3",3,2020,"Har Amasa Far 8","Mediterranean Desert Transition Zone",NA,"Har Amasa","Far",NA,NA,35.09163022,31.33153329,"29/04/2012","16/11/2020",3123,0.805711564,148,-0.338333394,-0.941026309,1484.088557,0.469359212,"Har Amasa Far","Har Amasa Far_16_11_2020",240.566294,-0.458901782,2,0,0,0,0,0,9,0,0,9,0,0,0,13
"178",1732,"T3",3,2020,"Har Amasa Far 9","Mediterranean Desert Transition Zone",NA,"Har Amasa","Far",NA,NA,35.09037092,31.33184516,"29/04/2012","16/11/2020",3123,0.805711564,148,-0.338333394,-0.941026309,1530.000098,0.512143266,"Har Amasa Far","Har Amasa Far_16_11_2020",174.533319,-0.520112194,8,0,0,0,0,0,8,0,0,5,1,0,0,4
"179",1733,"T3",3,2020,"Har Amasa Near 1","Mediterranean Desert Transition Zone",NA,"Har Amasa","Near",NA,NA,35.09918835,31.34370381,"29/04/2012","16/11/2020",3123,0.805711564,148,-0.338333394,-0.941026309,89.88472632,-0.829871669,"Har Amasa Near","Har Amasa Near_16_11_2020",0,-0.681898884,0,0,0,0,0,0,0,0,0,0,0,0,0,1
"180",1734,"T3",3,2020,"Har Amasa Near 2","Mediterranean Desert Transition Zone",NA,"Har Amasa","Near",NA,NA,35.09886045,31.34421637,"29/04/2012","16/11/2020",3123,0.805711564,148,-0.338333394,-0.941026309,122.5867128,-0.799397337,"Har Amasa Near","Har Amasa Near_16_11_2020",0,-0.681898884,0,0,0,0,0,0,0,0,0,0,0,0,0,8
"181",1735,"T3",3,2020,"Har Amasa Near 3","Mediterranean Desert Transition Zone",NA,"Har Amasa","Near",NA,NA,35.09846214,31.34495628,"29/04/2012","16/11/2020",3123,0.805711564,148,-0.338333394,-0.941026309,169.3272467,-0.755840761,"Har Amasa Near","Har Amasa Near_16_11_2020",0,-0.681898884,1,0,0,0,0,0,0,0,0,0,0,0,0,0
"182",1736,"T3",3,2020,"Har Amasa Near 4","Mediterranean Desert Transition Zone",NA,"Har Amasa","Near",NA,NA,35.09744626,31.34535688,"29/04/2012","16/11/2020",3123,0.805711564,148,-0.338333394,-0.941026309,270.6471278,-0.661422775,"Har Amasa Near","Har Amasa Near_16_11_2020",0,-0.681898884,1,0,0,0,0,0,7,0,0,2,0,0,0,4
"183",1737,"T3",3,2020,"Har Amasa Near 5","Mediterranean Desert Transition Zone",NA,"Har Amasa","Near",NA,NA,35.09683002,31.34515472,"29/04/2012","16/11/2020",3123,0.805711564,148,-0.338333394,-0.941026309,326.1179431,-0.609730623,"Har Amasa Near","Har Amasa Near_16_11_2020",0,-0.681898884,0,0,0,0,0,0,0,0,0,0,0,0,0,4
"184",1738,"T3",3,2020,"Har Amasa Near 6","Mediterranean Desert Transition Zone",NA,"Har Amasa","Near",NA,NA,35.09627145,31.34528901,"29/04/2012","16/11/2020",3123,0.805711564,148,-0.338333394,-0.941026309,380.5907622,-0.558968484,"Har Amasa Near","Har Amasa Near_16_11_2020",0,-0.681898884,7,0,0,0,0,0,0,0,0,0,0,0,0,8
"185",1739,"T3",3,2020,"Har Amasa Near 7","Mediterranean Desert Transition Zone",NA,"Har Amasa","Near",NA,NA,35.09627245,31.3433602,"29/04/2012","16/11/2020",3123,0.805711564,148,-0.338333394,-0.941026309,369.7800788,-0.569042745,"Har Amasa Near","Har Amasa Near_16_11_2020",54.516816,-0.631363575,0,0,0,0,0,0,0,1,0,0,1,0,0,7
"186",1740,"T3",3,2020,"Har Amasa Near 9","Mediterranean Desert Transition Zone",NA,"Har Amasa","Near",NA,NA,35.09740938,31.34296217,"29/04/2012","16/11/2020",3123,0.805711564,148,-0.338333394,-0.941026309,275.9944353,-0.656439725,"Har Amasa Near","Har Amasa Near_16_11_2020",48.860275,-0.636607004,0,0,0,0,0,0,0,0,0,0,2,0,0,3
"187",1741,"T3",3,2020,"Lahav Far 1","Mediterranean Desert Transition Zone",NA,"Lahav","Far",NA,NA,34.8572132,31.37400014,"29/04/2012","25/08/2020",3040,0.733994688,65,0.826828679,-0.562453851,869.0857737,-0.103749677,"Lahav Far","Lahav Far_25_08_2020",53.679083,-0.632140126,2,0,0,0,0,0,0,0,0,0,0,0,0,1
"188",1742,"T3",3,2020,"Lahav Far 2","Mediterranean Desert Transition Zone",NA,"Lahav","Far",NA,NA,34.85791326,31.37374509,"29/04/2012","25/08/2020",3040,0.733994688,65,0.826828679,-0.562453851,818.2549379,-0.151117924,"Lahav Far","Lahav Far_25_08_2020",27.126323,-0.656753668,2,0,0,0,0,0,0,0,0,0,0,0,0,0
"189",1743,"T3",3,2020,"Lahav Near 2","Mediterranean Desert Transition Zone",NA,"Lahav","Near",NA,NA,34.86301683,31.38448677,"29/04/2012","25/08/2020",3040,0.733994688,65,0.826828679,-0.562453851,529.8769836,-0.419851617,"Lahav Near","Lahav Near_25_08_2020",706.791853,-0.026725907,2,0,0,0,0,0,0,0,0,0,0,0,0,0
"190",1744,"T3",3,2020,"Lahav Near 5","Mediterranean Desert Transition Zone",NA,"Lahav","Near",NA,NA,34.86442667,31.38435826,"29/04/2012","25/08/2020",3040,0.733994688,65,0.826828679,-0.562453851,437.2831484,-0.506137974,"Lahav Near","Lahav Near_25_08_2020",688.741099,-0.043458367,0,0,0,0,0,0,2,0,0,0,0,0,0,0
"191",1745,"T3",3,2020,"Lehavim Far 1","Mediterranean Desert Transition Zone",NA,"Lehavim","Far",NA,NA,34.82886627,31.37490184,"29/04/2012","05/09/2020",3051,0.743499334,76,0.566107637,0.824331331,529.3167756,-0.420373663,"Lehavim Far","Lehavim Far_05_09_2020",856.046168,0.111627971,0,0,0,0,0,0,0,0,0,1,0,0,0,7
"192",1746,"T3",3,2020,"Lehavim Far 5","Mediterranean Desert Transition Zone",NA,"Lehavim","Far",NA,NA,34.82749365,31.37775229,"29/04/2012","05/09/2020",3051,0.743499334,76,0.566107637,0.824331331,706.3533315,-0.25539681,"Lehavim Far","Lehavim Far_05_09_2020",656.109485,-0.073706808,0,0,0,0,0,0,0,0,0,0,2,0,0,8
"193",1747,"T3",3,2020,"Lehavim Near 2","Mediterranean Desert Transition Zone",NA,"Lehavim","Near",NA,NA,34.82390653,31.36451004,"29/04/2012","05/09/2020",3051,0.743499334,76,0.566107637,0.824331331,299.5093105,-0.634526679,"Lehavim Near","Lehavim Near_05_09_2020",760.530702,0.023088252,0,0,0,0,0,0,0,0,0,0,0,0,0,1
"194",1748,"T3",3,2020,"Lehavim Near 3","Mediterranean Desert Transition Zone",NA,"Lehavim","Near",NA,NA,34.82266165,31.36451004,"29/04/2012","05/09/2020",3051,0.743499334,76,0.566107637,0.824331331,204.1004632,-0.723436291,"Lehavim Near","Lehavim Near_05_09_2020",706.594724,-0.026908639,0,0,0,0,0,0,0,0,0,0,0,0,0,1
"195",1749,"T3",3,2020,"Lehavim Near 4","Mediterranean Desert Transition Zone",NA,"Lehavim","Near",NA,NA,34.82278168,31.36394005,"29/04/2012","05/09/2020",3051,0.743499334,76,0.566107637,0.824331331,250.7445302,-0.67996961,"Lehavim Near","Lehavim Near_05_09_2020",653.755178,-0.075889173,0,0,0,0,0,0,0,0,0,2,1,0,0,3
"196",1750,"T3",3,2020,"Lehavim Near 5","Mediterranean Desert Transition Zone",NA,"Lehavim","Near",NA,NA,34.82355315,31.36353495,"29/04/2012","05/09/2020",3051,0.743499334,76,0.566107637,0.824331331,336.4839772,-0.600070721,"Lehavim Near","Lehavim Near_05_09_2020",650.717098,-0.078705374,0,0,0,0,0,0,0,0,0,6,0,0,0,4
"197",1751,"T3",3,2020,"Lehavim Near 8","Mediterranean Desert Transition Zone",NA,"Lehavim","Near",NA,NA,34.82634835,31.36369012,"29/04/2012","05/09/2020",3051,0.743499334,76,0.566107637,0.824331331,540.7181981,-0.409748904,"Lehavim Near","Lehavim Near_05_09_2020",708.485034,-0.025156383,0,0,0,0,0,0,0,0,0,0,0,0,0,2
"198",1752,"T3",3,2020,"Mirsham Far 3","Mediterranean Desert Transition Zone",NA,"Mirsham","Far",NA,NA,34.90497731,31.46356448,"29/04/2012","13/08/2020",3028,0.723625983,53,0.39592515,-0.918282786,1956.476461,0.909568125,"Mirsham Far","Mirsham Far_13_08_2020",274.878664,-0.427095335,0,0,0,0,0,0,2,0,0,0,0,0,0,0
"199",1753,"T3",3,2020,"Mirsham Far 7","Mediterranean Desert Transition Zone",NA,"Mirsham","Far",NA,NA,34.90202922,31.46404778,"29/04/2012","13/08/2020",3028,0.723625983,53,0.39592515,-0.918282786,2167.706798,1.106409484,"Mirsham Far","Mirsham Far_13_08_2020",101.078168,-0.588202721,0,0,0,0,0,0,0,0,0,0,1,0,0,1
"200",1754,"T3",3,2020,"Mirsham Far 8","Mediterranean Desert Transition Zone",NA,"Mirsham","Far",NA,NA,34.90141768,31.4642045,"29/04/2012","13/08/2020",3028,0.723625983,53,0.39592515,-0.918282786,2210.687797,1.146462624,"Mirsham Far","Mirsham Far_13_08_2020",75.430611,-0.611977169,0,0,0,0,0,0,4,0,1,0,0,0,0,0
"201",1755,"T3",3,2020,"Mirsham Near 1","Mediterranean Desert Transition Zone",NA,"Mirsham","Near",NA,NA,34.93060146,31.47995634,"29/04/2012","13/08/2020",3028,0.723625983,53,0.39592515,-0.918282786,287.729887,-0.64550369,"Mirsham Near","Mirsham Near_13_08_2020",248.423299,-0.451618594,0,0,0,0,0,0,0,0,0,1,0,0,0,0
"202",1756,"T3",3,2020,"Mirsham Near 3","Mediterranean Desert Transition Zone",NA,"Mirsham","Near",NA,NA,34.93150704,31.48056938,"29/04/2012","13/08/2020",3028,0.723625983,53,0.39592515,-0.918282786,397.1093175,-0.54357517,"Mirsham Near","Mirsham Near_13_08_2020",185.688123,-0.509772055,0,0,0,0,0,0,0,0,0,0,0,0,0,1
"203",1757,"T3",3,2020,"Mirsham Near 9","Mediterranean Desert Transition Zone",NA,"Mirsham","Near",NA,NA,34.9280718,31.48217714,"29/04/2012","13/08/2020",3028,0.723625983,53,0.39592515,-0.918282786,353.0100712,-0.584670382,"Mirsham Near","Mirsham Near_13_08_2020",195.907479,-0.500299045,3,0,0,0,0,0,0,0,0,0,1,0,0,0
"204",2329,"T4",4,2022,"Har Amasa Far 1","Mediterranean Desert Transition Zone",NA,"Har Amasa","Far",NA,NA,35.09315438,31.334302,"29/04/2012","24/11/2022",3861,1.443386919,156,-0.881784619,0.471652294,1123.959371,0.13376197,"Har Amasa Far","Har Amasa Far_24_11_2022",130.04903,-0.561347678,0,0,0,0,0,0,0,0,0,0,0,0,0,2
"205",2330,"T4",4,2022,"Har Amasa Far 2","Mediterranean Desert Transition Zone",NA,"Har Amasa","Far",NA,NA,35.09243421,31.33415767,"29/04/2012","24/11/2022",3861,1.443386919,156,-0.881784619,0.471652294,1181.460196,0.187345848,"Har Amasa Far","Har Amasa Far_24_11_2022",160.694168,-0.532940635,0,0,0,0,0,0,0,0,0,0,1,0,0,1
"206",2331,"T4",4,2022,"Har Amasa Far 3","Mediterranean Desert Transition Zone",NA,"Har Amasa","Far",NA,NA,35.092538,31.33356143,"29/04/2012","24/11/2022",3861,1.443386919,156,-0.881784619,0.471652294,1224.501103,0.227454815,"Har Amasa Far","Har Amasa Far_24_11_2022",185.794537,-0.509673412,0,0,0,0,0,0,1,0,1,0,0,0,0,2
"207",2332,"T4",4,2022,"Har Amasa Far 4","Mediterranean Desert Transition Zone",NA,"Har Amasa","Far",NA,NA,35.09253345,31.33296376,"29/04/2012","24/11/2022",3861,1.443386919,156,-0.881784619,0.471652294,1276.111042,0.275549093,"Har Amasa Far","Har Amasa Far_24_11_2022",211.860884,-0.48551076,0,0,0,0,0,0,1,0,0,2,0,0,0,5
"208",2333,"T4",4,2022,"Har Amasa Far 5","Mediterranean Desert Transition Zone",NA,"Har Amasa","Far",NA,NA,35.09234771,31.33241105,"29/04/2012","24/11/2022",3861,1.443386919,156,-0.881784619,0.471652294,1335.381262,0.330781835,"Har Amasa Far","Har Amasa Far_24_11_2022",237.411302,-0.461826356,0,0,0,0,0,0,2,0,0,0,0,0,0,0
"209",2334,"T4",4,2022,"Har Amasa Far 6","Mediterranean Desert Transition Zone",NA,"Har Amasa","Far",NA,NA,35.09228635,31.33190845,"29/04/2012","24/11/2022",3861,1.443386919,156,-0.881784619,0.471652294,1383.575058,0.375692677,"Har Amasa Far","Har Amasa Far_24_11_2022",277.36808,-0.424787727,1,0,0,0,0,0,0,0,0,0,0,0,0,0
"210",2335,"T4",4,2022,"Har Amasa Far 7","Mediterranean Desert Transition Zone",NA,"Har Amasa","Far",NA,NA,35.09194571,31.33134685,"29/04/2012","24/11/2022",3861,1.443386919,156,-0.881784619,0.471652294,1453.034605,0.44042065,"Har Amasa Far","Har Amasa Far_24_11_2022",255.864456,-0.444720885,2,0,0,0,0,0,4,0,0,11,0,0,0,5
"211",2336,"T4",4,2022,"Har Amasa Far 8","Mediterranean Desert Transition Zone",NA,"Har Amasa","Far",NA,NA,35.09176634,31.33059938,"29/04/2012","24/11/2022",3861,1.443386919,156,-0.881784619,0.471652294,1530.720514,0.512814607,"Har Amasa Far","Har Amasa Far_24_11_2022",209.457557,-0.487738565,0,0,0,0,0,0,1,0,0,0,0,0,0,1
"212",2337,"T4",4,2022,"Har Amasa Near 1","Mediterranean Desert Transition Zone",NA,"Har Amasa","Near",NA,NA,35.09923194,31.34524492,"29/04/2012","24/11/2022",3861,1.443386919,156,-0.881784619,0.471652294,79.599692,-0.839456088,"Har Amasa Near","Har Amasa Near_24_11_2022",54.058243,-0.631788657,0,0,0,0,0,0,2,0,0,0,0,0,0,1
"213",2338,"T4",4,2022,"Har Amasa Near 2","Mediterranean Desert Transition Zone",NA,"Har Amasa","Near",NA,NA,35.09822275,31.34581703,"29/04/2012","24/11/2022",3861,1.443386919,156,-0.881784619,0.471652294,187.836468,-0.738592385,"Har Amasa Near","Har Amasa Near_24_11_2022",42.918145,-0.642115164,1,0,0,0,0,0,1,0,0,0,0,0,0,2
"214",2339,"T4",4,2022,"Har Amasa Near 3","Mediterranean Desert Transition Zone",NA,"Har Amasa","Near",NA,NA,35.09792503,31.3448008,"29/04/2012","24/11/2022",3861,1.443386919,156,-0.881784619,0.471652294,202.031215,-0.725364582,"Har Amasa Near","Har Amasa Near_24_11_2022",0,-0.681898884,2,0,0,0,0,0,5,0,0,1,0,0,0,3
"215",2340,"T4",4,2022,"Har Amasa Near 4","Mediterranean Desert Transition Zone",NA,"Har Amasa","Near",NA,NA,35.09697452,31.34497948,"29/04/2012","24/11/2022",3861,1.443386919,156,-0.881784619,0.471652294,293.160396,-0.640443107,"Har Amasa Near","Har Amasa Near_24_11_2022",0,-0.681898884,1,0,0,0,0,0,2,0,0,0,0,0,0,1
"216",2341,"T4",4,2022,"Har Amasa Near 5","Mediterranean Desert Transition Zone",NA,"Har Amasa","Near",NA,NA,35.09622116,31.34480595,"29/04/2012","24/11/2022",3861,1.443386919,156,-0.881784619,0.471652294,364.078993,-0.574355474,"Har Amasa Near","Har Amasa Near_24_11_2022",0,-0.681898884,3,0,0,0,0,0,16,1,0,3,0,0,0,2
"217",2342,"T4",4,2022,"Har Amasa Near 6","Mediterranean Desert Transition Zone",NA,"Har Amasa","Near",NA,NA,35.09601764,31.34406318,"29/04/2012","24/11/2022",3861,1.443386919,156,-0.881784619,0.471652294,379.963011,-0.559553472,"Har Amasa Near","Har Amasa Near_24_11_2022",0,-0.681898884,1,0,0,0,0,0,20,0,0,1,0,0,0,9
"218",2343,"T4",4,2022,"Har Amasa Near 7","Mediterranean Desert Transition Zone",NA,"Har Amasa","Near",NA,NA,35.09607732,31.34344524,"29/04/2012","24/11/2022",3861,1.443386919,156,-0.881784619,0.471652294,370.582523,-0.568294963,"Har Amasa Near","Har Amasa Near_24_11_2022",43.54697,-0.641532264,0,0,0,0,0,0,6,0,0,1,0,0,0,11
"219",2344,"T4",4,2022,"Har Amasa Near 8","Mediterranean Desert Transition Zone",NA,"Har Amasa","Near",NA,NA,35.09703789,31.34314773,"29/04/2012","24/11/2022",3861,1.443386919,156,-0.881784619,0.471652294,281.408663,-0.651394313,"Har Amasa Near","Har Amasa Near_24_11_2022",46.615921,-0.638687446,2,0,0,0,0,0,2,1,0,3,0,0,0,5
"220",2345,"T4",4,2022,"Har Amasa Near 9","Mediterranean Desert Transition Zone",NA,"Har Amasa","Near",NA,NA,35.09631604,31.34230901,"29/04/2012","24/11/2022",3861,1.443386919,156,-0.881784619,0.471652294,370.818975,-0.568074618,"Har Amasa Near","Har Amasa Near_24_11_2022",160.205508,-0.533393607,0,0,0,0,0,0,3,0,0,0,0,0,0,3
"221",2346,"T4",4,2022,"Lahav Far 2","Mediterranean Desert Transition Zone",NA,"Lahav","Far",NA,NA,34.85803294,31.3734376,"29/04/2012","13/11/2022",3850,1.433882272,145,0.467745162,0.883863374,856.851811,-0.115150264,"Lahav Far","Lahav Far_13_11_2022",30.812118,-0.653337056,3,0,0,0,0,0,0,0,0,0,0,0,0,5
"222",2347,"T4",4,2022,"Lahav Far 3","Mediterranean Desert Transition Zone",NA,"Lahav","Far",NA,NA,34.8590485,31.37325387,"29/04/2012","13/11/2022",3850,1.433882272,145,0.467745162,0.883863374,782.261102,-0.184659865,"Lahav Far","Lahav Far_13_11_2022",33.764268,-0.650600509,1,0,0,0,0,0,0,0,1,0,0,0,0,5
"223",2348,"T4",4,2022,"Lahav Far 4","Mediterranean Desert Transition Zone",NA,"Lahav","Far",NA,NA,34.8600858,31.37347944,"29/04/2012","13/11/2022",3850,1.433882272,145,0.467745162,0.883863374,682.540527,-0.27758749,"Lahav Far","Lahav Far_13_11_2022",42.307418,-0.642681288,0,0,0,0,0,0,0,0,0,0,0,0,0,1
"224",2349,"T4",4,2022,"Lahav Far 5","Mediterranean Desert Transition Zone",NA,"Lahav","Far",NA,NA,34.86063603,31.37344365,"29/04/2012","13/11/2022",3850,1.433882272,145,0.467745162,0.883863374,638.122092,-0.318980148,"Lahav Far","Lahav Far_13_11_2022",42.467739,-0.642532676,2,0,0,0,0,0,0,0,0,0,1,0,0,6
"225",2350,"T4",4,2022,"Lahav Far 6","Mediterranean Desert Transition Zone",NA,"Lahav","Far",NA,NA,34.86140884,31.37318516,"29/04/2012","13/11/2022",3850,1.433882272,145,0.467745162,0.883863374,590.953095,-0.362936,"Lahav Far","Lahav Far_13_11_2022",75.102092,-0.612281696,5,0,0,0,0,0,0,0,0,0,1,0,0,12
"226",2351,"T4",4,2022,"Lahav Far 7","Mediterranean Desert Transition Zone",NA,"Lahav","Far",NA,NA,34.86217696,31.37334804,"29/04/2012","13/11/2022",3850,1.433882272,145,0.467745162,0.883863374,521.442282,-0.427711748,"Lahav Far","Lahav Far_13_11_2022",54.204247,-0.631653316,3,0,0,0,0,0,0,0,1,0,1,0,0,2
"227",2352,"T4",4,2022,"Lahav Far 8","Mediterranean Desert Transition Zone",NA,"Lahav","Far",NA,NA,34.862228,31.37240941,"29/04/2012","13/11/2022",3850,1.433882272,145,0.467745162,0.883863374,584.413053,-0.369030536,"Lahav Far","Lahav Far_13_11_2022",53.051029,-0.632722311,1,0,0,0,0,0,0,0,0,0,0,0,0,3
"228",2353,"T4",4,2022,"Lahav Near 1","Mediterranean Desert Transition Zone",NA,"Lahav","Near",NA,NA,34.86229095,31.38481964,"29/04/2012","13/11/2022",3850,1.433882272,145,0.467745162,0.883863374,490.099158,-0.456919783,"Lahav Near","Lahav Near_13_11_2022",961.613359,0.209485311,0,0,0,0,0,0,0,0,0,0,1,0,0,1
"229",2354,"T4",4,2022,"Lahav Near 3","Mediterranean Desert Transition Zone",NA,"Lahav","Near",NA,NA,34.8644011,31.38431017,"29/04/2012","13/11/2022",3850,1.433882272,145,0.467745162,0.883863374,337.84132,-0.59880584,"Lahav Near","Lahav Near_13_11_2022",803.176305,0.062619334,0,0,0,0,0,0,0,0,1,0,0,0,0,0
"230",2355,"T4",4,2022,"Lahav Near 5","Mediterranean Desert Transition Zone",NA,"Lahav","Near",NA,NA,34.8654697,31.38363497,"29/04/2012","13/11/2022",3850,1.433882272,145,0.467745162,0.883863374,227.390668,-0.701732611,"Lahav Near","Lahav Near_13_11_2022",691.616722,-0.040792758,1,0,0,0,0,0,0,0,0,0,0,0,0,0
"231",2356,"T4",4,2022,"Lahav Near 6","Mediterranean Desert Transition Zone",NA,"Lahav","Near",NA,NA,34.86670587,31.38374402,"29/04/2012","13/11/2022",3850,1.433882272,145,0.467745162,0.883863374,209.109267,-0.718768686,"Lahav Near","Lahav Near_13_11_2022",577.339284,-0.146724213,12,0,0,0,0,0,0,0,3,0,0,0,0,9
"232",2357,"T4",4,2022,"Lahav Near 7","Mediterranean Desert Transition Zone",NA,"Lahav","Near",NA,NA,34.86798629,31.38330123,"29/04/2012","13/11/2022",3850,1.433882272,145,0.467745162,0.883863374,78.663054,-0.840328923,"Lahav Near","Lahav Near_13_11_2022",449.520481,-0.265208071,25,0,0,0,0,0,0,0,0,0,0,0,0,2
"233",2358,"T4",4,2022,"Lahav Near 8","Mediterranean Desert Transition Zone",NA,"Lahav","Near",NA,NA,34.86811805,31.38263088,"29/04/2012","13/11/2022",3850,1.433882272,145,0.467745162,0.883863374,31.124907,-0.884628779,"Lahav Near","Lahav Near_13_11_2022",434.089138,-0.279512422,40,0,0,0,0,0,0,0,4,0,0,0,0,5
"234",2359,"T4",4,2022,"Lahav Near 9","Mediterranean Desert Transition Zone",NA,"Lahav","Near",NA,NA,34.86763693,31.38217606,"29/04/2012","13/11/2022",3850,1.433882272,145,0.467745162,0.883863374,28.884185,-0.886716863,"Lahav Near","Lahav Near_13_11_2022",484.083686,-0.233169108,39,0,0,0,0,0,0,0,1,0,0,0,0,6
"235",2360,"T4",4,2022,"Lehavim Far 1","Mediterranean Desert Transition Zone",NA,"Lehavim","Far",NA,NA,34.8288485,31.37488265,"29/04/2012","27/11/2022",3864,1.445979095,159,0.939519732,-0.342494779,495.273969,-0.452097479,"Lehavim Far","Lehavim Far_27_11_2022",855.198378,0.110842097,0,0,0,0,0,0,3,0,0,2,0,0,0,2
"236",2361,"T4",4,2022,"Lehavim Far 2","Mediterranean Desert Transition Zone",NA,"Lehavim","Far",NA,NA,34.82766699,31.37571593,"29/04/2012","27/11/2022",3864,1.445979095,159,0.939519732,-0.342494779,485.958886,-0.46077802,"Lehavim Far","Lehavim Far_27_11_2022",716.491273,-0.017734861,0,0,0,0,0,0,0,0,0,0,1,0,0,3
"237",2362,"T4",4,2022,"Lehavim Far 3","Mediterranean Desert Transition Zone",NA,"Lehavim","Far",NA,NA,34.828073,31.37636485,"29/04/2012","27/11/2022",3864,1.445979095,159,0.939519732,-0.342494779,565.890177,-0.386291636,"Lehavim Far","Lehavim Far_27_11_2022",732.303539,-0.003077407,0,0,0,0,0,0,0,0,0,0,0,0,0,1
"238",2363,"T4",4,2022,"Lehavim Far 4","Mediterranean Desert Transition Zone",NA,"Lehavim","Far",NA,NA,34.82799556,31.3775582,"29/04/2012","27/11/2022",3864,1.445979095,159,0.939519732,-0.342494779,662.434246,-0.296324134,"Lehavim Far","Lehavim Far_27_11_2022",704.870982,-0.028506492,0,0,0,0,0,0,4,0,0,0,0,0,0,4
"239",2364,"T4",4,2022,"Lehavim Far 5","Mediterranean Desert Transition Zone",NA,"Lehavim","Far",NA,NA,34.82740346,31.37801763,"29/04/2012","27/11/2022",3864,1.445979095,159,0.939519732,-0.342494779,665.18226,-0.293763315,"Lehavim Far","Lehavim Far_27_11_2022",647.143515,-0.082017969,0,0,0,0,0,0,3,0,0,1,0,0,0,2
"240",2365,"T4",4,2022,"Lehavim Far 6","Mediterranean Desert Transition Zone",NA,"Lehavim","Far",NA,NA,34.82676979,31.37855777,"29/04/2012","27/11/2022",3864,1.445979095,159,0.939519732,-0.342494779,672.645258,-0.286808695,"Lehavim Far","Lehavim Far_27_11_2022",590.716826,-0.134323668,2,0,0,0,0,0,4,0,0,0,0,0,0,1
"241",2366,"T4",4,2022,"Lehavim Far 8","Mediterranean Desert Transition Zone",NA,"Lehavim","Far",NA,NA,34.8274732,31.37993028,"29/04/2012","27/11/2022",3864,1.445979095,159,0.939519732,-0.342494779,834.735633,-0.135759891,"Lehavim Far","Lehavim Far_27_11_2022",689.557606,-0.042701491,0,0,0,0,0,0,1,2,0,0,0,0,0,1
"242",2367,"T4",4,2022,"Lehavim Far 9","Mediterranean Desert Transition Zone",NA,"Lehavim","Far",NA,NA,34.82829395,31.380833,"29/04/2012","27/11/2022",3864,1.445979095,159,0.939519732,-0.342494779,961.558762,-0.017575934,"Lehavim Far","Lehavim Far_27_11_2022",609.390414,-0.117013861,0,0,0,0,0,0,3,0,0,0,1,0,0,7
"243",2368,"T4",4,2022,"Lehavim Near 1","Mediterranean Desert Transition Zone",NA,"Lehavim","Near",NA,NA,34.82299995,31.36495521,"29/04/2012","27/11/2022",3864,1.445979095,159,0.939519732,-0.342494779,182.044879,-0.743989452,"Lehavim Near","Lehavim Near_27_11_2022",764.643048,0.026900262,1,0,0,0,0,0,0,0,0,4,0,0,0,3
"244",2369,"T4",4,2022,"Lehavim Near 2","Mediterranean Desert Transition Zone",NA,"Lehavim","Near",NA,NA,34.82452679,31.36482552,"29/04/2012","27/11/2022",3864,1.445979095,159,0.939519732,-0.342494779,301.027446,-0.633111959,"Lehavim Near","Lehavim Near_27_11_2022",821.685918,0.079777141,0,0,0,0,0,0,0,0,0,2,1,0,0,0
"245",2370,"T4",4,2022,"Lehavim Near 4","Mediterranean Desert Transition Zone",NA,"Lehavim","Near",NA,NA,34.82327923,31.36398986,"29/04/2012","27/11/2022",3864,1.445979095,159,0.939519732,-0.342494779,273.957351,-0.658338043,"Lehavim Near","Lehavim Near_27_11_2022",680.640212,-0.050967624,4,0,0,0,0,0,0,0,0,8,0,0,0,2
"246",2371,"T4",4,2022,"Lehavim Near 5","Mediterranean Desert Transition Zone",NA,"Lehavim","Near",NA,NA,34.82388306,31.36349487,"29/04/2012","27/11/2022",3864,1.445979095,159,0.939519732,-0.342494779,347.470704,-0.589832409,"Lehavim Near","Lehavim Near_27_11_2022",665.430466,-0.065066563,0,0,0,0,0,0,0,0,0,6,0,0,0,1
"247",2372,"T4",4,2022,"Lehavim Near 6","Mediterranean Desert Transition Zone",NA,"Lehavim","Near",NA,NA,34.82431289,31.36442988,"29/04/2012","27/11/2022",3864,1.445979095,159,0.939519732,-0.342494779,310.707674,-0.624091147,"Lehavim Near","Lehavim Near_27_11_2022",773.854574,0.035439046,2,0,0,0,0,0,0,0,0,7,0,0,0,2
"248",2373,"T4",4,2022,"Lehavim Near 7","Mediterranean Desert Transition Zone",NA,"Lehavim","Near",NA,NA,34.82565433,31.36396066,"29/04/2012","27/11/2022",3864,1.445979095,159,0.939519732,-0.342494779,443.482325,-0.500361084,"Lehavim Near","Lehavim Near_27_11_2022",750.327586,0.013630296,3,0,0,0,0,0,3,0,0,4,0,0,0,1
"249",2374,"T4",4,2022,"Lehavim Near 8","Mediterranean Desert Transition Zone",NA,"Lehavim","Near",NA,NA,34.82634902,31.3637136,"29/04/2012","27/11/2022",3864,1.445979095,159,0.939519732,-0.342494779,513.537467,-0.435078088,"Lehavim Near","Lehavim Near_27_11_2022",711.108802,-0.022724236,0,0,0,0,0,0,0,0,0,1,0,0,0,1
"250",2816,"T4",4,2023,"Beit Yatir Far 1","Mediterranean Desert Transition Zone",NA,"Beit Yatir","Far",NA,NA,35.12511358,31.37126122,"29/04/2012","26/02/2023",3955,1.524608441,-115,-0.945435334,-0.325809805,1147.818781,0.155996081,"Beit Yatir Far","Beit Yatir Far_26_02_2023",988.149552,0.234083496,1,0,0,0,0,0,27,1,0,1,0,0,0,2
"251",2817,"T4",4,2023,"Beit Yatir Far 2","Mediterranean Desert Transition Zone",NA,"Beit Yatir","Far",NA,NA,35.12449667,31.37174443,"29/04/2012","26/02/2023",3955,1.524608441,-115,-0.945435334,-0.325809805,1096.305011,0.107991421,"Beit Yatir Far","Beit Yatir Far_26_02_2023",977.306826,0.224032643,1,0,0,0,0,0,33,1,0,0,0,0,0,1
"252",2818,"T4",4,2023,"Beit Yatir Far 3","Mediterranean Desert Transition Zone",NA,"Beit Yatir","Far",NA,NA,35.12439273,31.3723742,"29/04/2012","26/02/2023",3955,1.524608441,-115,-0.945435334,-0.325809805,1099.431196,0.110904651,"Beit Yatir Far","Beit Yatir Far_26_02_2023",927.618806,0.17797347,0,0,0,0,0,0,11,0,0,0,0,0,0,1
"253",2819,"T4",4,2023,"Beit Yatir Far 4","Mediterranean Desert Transition Zone",NA,"Beit Yatir","Far",NA,NA,35.12501869,31.37336981,"29/04/2012","26/02/2023",3955,1.524608441,-115,-0.945435334,-0.325809805,1185.169738,0.190802697,"Beit Yatir Far","Beit Yatir Far_26_02_2023",804.511416,0.063856938,0,0,0,0,0,0,35,0,0,0,0,0,0,0
"254",2820,"T4",4,2023,"Beit Yatir Far 5","Mediterranean Desert Transition Zone",NA,"Beit Yatir","Far",NA,NA,35.12628738,31.37320435,"29/04/2012","26/02/2023",3955,1.524608441,-115,-0.945435334,-0.325809805,1296.272872,0.294337502,"Beit Yatir Far","Beit Yatir Far_26_02_2023",747.315433,0.010838129,0,0,0,0,0,0,17,1,0,1,0,0,0,2
"255",2821,"T4",4,2023,"Beit Yatir Far 6","Mediterranean Desert Transition Zone",NA,"Beit Yatir","Far",NA,NA,35.12616064,31.37248355,"29/04/2012","26/02/2023",3955,1.524608441,-115,-0.945435334,-0.325809805,1266.515098,0.266606823,"Beit Yatir Far","Beit Yatir Far_26_02_2023",819.994698,0.078209435,2,0,0,0,0,0,33,0,0,4,0,0,0,4
"256",2822,"T4",4,2023,"Beit Yatir Far 7","Mediterranean Desert Transition Zone",NA,"Beit Yatir","Far",NA,NA,35.1256148,31.3717936,"29/04/2012","26/02/2023",3955,1.524608441,-115,-0.945435334,-0.325809805,1202.315738,0.206780714,"Beit Yatir Far","Beit Yatir Far_26_02_2023",912.466359,0.163927647,5,0,0,0,0,0,30,0,0,0,0,0,0,2
"257",2823,"T4",4,2023,"Beit Yatir Far 8","Mediterranean Desert Transition Zone",NA,"Beit Yatir","Far",NA,NA,35.12424621,31.37000279,"29/04/2012","26/02/2023",3955,1.524608441,-115,-0.945435334,-0.325809805,1060.010872,0.074169633,"Beit Yatir Far","Beit Yatir Far_26_02_2023",1149.903606,0.384024224,0,0,0,0,0,0,3,1,0,0,0,0,0,4
"258",2824,"T4",4,2023,"Beit Yatir Far 9","Mediterranean Desert Transition Zone",NA,"Beit Yatir","Far",NA,NA,35.12302045,31.37029737,"29/04/2012","26/02/2023",3955,1.524608441,-115,-0.945435334,-0.325809805,943.098616,-0.034778578,"Beit Yatir Far","Beit Yatir Far_26_02_2023",1189.761736,0.42097141,3,0,0,0,0,0,2,0,0,3,0,0,0,5
"259",2825,"T4",4,2023,"Beit Yatir Near 1","Mediterranean Desert Transition Zone",NA,"Beit Yatir","Near",NA,NA,35.10688528,31.35624954,"29/04/2012","26/02/2023",3955,1.524608441,-115,-0.945435334,-0.325809805,617.359251,-0.338328628,"Beit Yatir Near","Beit Yatir Near_26_02_2023",0,-0.681898884,0,0,0,0,0,0,12,0,0,0,1,0,0,12
"260",2826,"T4",4,2023,"Beit Yatir Near 2","Mediterranean Desert Transition Zone",NA,"Beit Yatir","Near",NA,NA,35.10656308,31.35560821,"29/04/2012","26/02/2023",3955,1.524608441,-115,-0.945435334,-0.325809805,679.288747,-0.280617759,"Beit Yatir Near","Beit Yatir Near_26_02_2023",0,-0.681898884,6,0,0,0,0,0,9,0,0,0,0,0,0,23
"261",2827,"T4",4,2023,"Beit Yatir Near 3","Mediterranean Desert Transition Zone",NA,"Beit Yatir","Near",NA,NA,35.1059,31.35631,"29/04/2012","26/02/2023",3955,1.524608441,-115,-0.945435334,-0.325809805,698.264229,-0.262934884,"Beit Yatir Near","Beit Yatir Near_26_02_2023",0,-0.681898884,5,0,0,0,0,0,7,0,0,0,0,0,0,2
"262",2828,"T4",4,2023,"Beit Yatir Near 4","Mediterranean Desert Transition Zone",NA,"Beit Yatir","Near",NA,NA,35.10625094,31.3568923,"29/04/2012","26/02/2023",3955,1.524608441,-115,-0.945435334,-0.325809805,643.048433,-0.314389389,"Beit Yatir Near","Beit Yatir Near_26_02_2023",1.958108,-0.680083781,5,0,0,0,0,0,1,0,0,0,0,0,0,1
"263",2829,"T4",4,2023,"Beit Yatir Near 5","Mediterranean Desert Transition Zone",NA,"Beit Yatir","Near",NA,NA,35.10728426,31.35716057,"29/04/2012","26/02/2023",3955,1.524608441,-115,-0.945435334,-0.325809805,540.546916,-0.409908518,"Beit Yatir Near","Beit Yatir Near_26_02_2023",0,-0.681898884,6,0,0,0,0,0,15,0,0,0,0,0,0,6
"264",2830,"T4",4,2023,"Beit Yatir Near 6","Mediterranean Desert Transition Zone",NA,"Beit Yatir","Near",NA,NA,35.10798633,31.3573461,"29/04/2012","26/02/2023",3955,1.524608441,-115,-0.945435334,-0.325809805,470.826014,-0.474880043,"Beit Yatir Near","Beit Yatir Near_26_02_2023",0,-0.681898884,3,0,0,0,0,0,22,0,0,0,0,0,0,0
"265",2831,"T4",4,2023,"Beit Yatir Near 7","Mediterranean Desert Transition Zone",NA,"Beit Yatir","Near",NA,NA,35.10886475,31.35737616,"29/04/2012","26/02/2023",3955,1.524608441,-115,-0.945435334,-0.325809805,392.783923,-0.547605919,"Beit Yatir Near","Beit Yatir Near_26_02_2023",0,-0.681898884,0,0,0,0,0,0,5,0,0,0,0,0,0,0
"266",2832,"T4",4,2023,"Beit Yatir Near 9","Mediterranean Desert Transition Zone",NA,"Beit Yatir","Near",NA,NA,35.10773286,31.35657737,"29/04/2012","26/02/2023",3955,1.524608441,-115,-0.945435334,-0.325809805,529.172375,-0.420508227,"Beit Yatir Near","Beit Yatir Near_26_02_2023",0,-0.681898884,3,0,0,0,0,0,49,0,0,0,0,0,0,0
"267",2833,"T4",4,2023,"Mirsham Far 3","Mediterranean Desert Transition Zone",NA,"Mirsham","Far",NA,NA,34.90495954,31.46305486,"29/04/2012","24/02/2023",3953,1.522880323,-117,0.689697941,-0.724097197,1344.973664,0.339720804,"Mirsham Far","Mirsham Far_24_02_2023",230.453341,-0.468276159,1,0,0,0,0,0,3,0,0,0,0,0,0,6
"268",2834,"T4",4,2023,"Mirsham Far 4","Mediterranean Desert Transition Zone",NA,"Mirsham","Far",NA,NA,34.90460549,31.46250834,"29/04/2012","24/02/2023",3953,1.522880323,-117,0.689697941,-0.724097197,1315.18533,0.311961646,"Mirsham Far","Mirsham Far_24_02_2023",164.046315,-0.529833304,0,0,0,0,0,0,2,0,0,0,0,0,0,1
"269",2835,"T4",4,2023,"Mirsham Far 5","Mediterranean Desert Transition Zone",NA,"Mirsham","Far",NA,NA,34.9023779,31.4633571,"29/04/2012","24/02/2023",3953,1.522880323,-117,0.689697941,-0.724097197,1521.683849,0.504393518,"Mirsham Far","Mirsham Far_24_02_2023",184.702832,-0.510685387,0,0,0,0,0,0,3,0,0,0,0,0,0,3
"270",2836,"T4",4,2023,"Mirsham Far 7","Mediterranean Desert Transition Zone",NA,"Mirsham","Far",NA,NA,34.90328215,31.465522,"29/04/2012","24/02/2023",3953,1.522880323,-117,0.689697941,-0.724097197,1660.988954,0.634209181,"Mirsham Far","Mirsham Far_24_02_2023",156.04796,-0.537247518,0,0,0,0,0,0,9,0,0,0,0,0,0,6
"271",2837,"T4",4,2023,"Mirsham Far 8","Mediterranean Desert Transition Zone",NA,"Mirsham","Far",NA,NA,34.90270481,31.46636848,"29/04/2012","24/02/2023",3953,1.522880323,-117,0.689697941,-0.724097197,1769.558502,0.735382988,"Mirsham Far","Mirsham Far_24_02_2023",180.017803,-0.515028256,0,0,0,0,0,0,0,0,0,0,0,0,0,1
"272",2838,"T4",4,2023,"Mirsham Far 9","Mediterranean Desert Transition Zone",NA,"Mirsham","Far",NA,NA,34.90099356,31.46455482,"29/04/2012","24/02/2023",3953,1.522880323,-117,0.689697941,-0.724097197,1708.290848,0.678288877,"Mirsham Far","Mirsham Far_24_02_2023",34.297253,-0.65010645,0,0,0,0,0,0,19,0,0,0,1,0,0,5
"273",2839,"T4",4,2023,"Mirsham Near 1","Mediterranean Desert Transition Zone",NA,"Mirsham","Near",NA,NA,34.92984239,31.47955661,"29/04/2012","24/02/2023",3953,1.522880323,-117,0.689697941,-0.724097197,480.712222,-0.465667282,"Mirsham Near","Mirsham Near_24_02_2023",306.210195,-0.398052028,0,0,0,0,0,0,28,0,1,0,0,0,0,5
"274",2840,"T4",4,2023,"Mirsham Near 2","Mediterranean Desert Transition Zone",NA,"Mirsham","Near",NA,NA,34.93065041,31.47996006,"29/04/2012","24/02/2023",3953,1.522880323,-117,0.689697941,-0.724097197,518.747208,-0.430223234,"Mirsham Near","Mirsham Near_24_02_2023",248.117604,-0.451901964,0,0,0,0,0,0,29,0,2,0,0,0,0,3
"275",2841,"T4",4,2023,"Mirsham Near 3","Mediterranean Desert Transition Zone",NA,"Mirsham","Near",NA,NA,34.93136723,31.48085674,"29/04/2012","24/02/2023",3953,1.522880323,-117,0.689697941,-0.724097197,540.895655,-0.409583535,"Mirsham Near","Mirsham Near_24_02_2023",151.687004,-0.541289982,0,0,0,0,0,0,28,1,1,0,0,0,0,1
"276",2842,"T4",4,2023,"Mirsham Near 4","Mediterranean Desert Transition Zone",NA,"Mirsham","Near",NA,NA,34.93078049,31.4817717,"29/04/2012","24/02/2023",3953,1.522880323,-117,0.689697941,-0.724097197,453.59591,-0.490936435,"Mirsham Near","Mirsham Near_24_02_2023",46.83368,-0.638485591,2,0,0,0,0,0,82,0,0,2,1,0,0,2
"277",2843,"T4",4,2023,"Mirsham Near 5","Mediterranean Desert Transition Zone",NA,"Mirsham","Near",NA,NA,34.93186343,31.48188035,"29/04/2012","24/02/2023",3953,1.522880323,-117,0.689697941,-0.724097197,548.792103,-0.402224992,"Mirsham Near","Mirsham Near_24_02_2023",86.007398,-0.602172833,3,0,0,0,0,0,23,2,0,0,0,0,0,2
"278",2844,"T4",4,2023,"Mirsham Near 6","Mediterranean Desert Transition Zone",NA,"Mirsham","Near",NA,NA,34.92895827,31.48193154,"29/04/2012","24/02/2023",3953,1.522880323,-117,0.689697941,-0.724097197,284.899124,-0.648141622,"Mirsham Near","Mirsham Near_24_02_2023",175.066182,-0.519618247,0,0,0,0,0,0,10,0,0,0,0,0,0,0
"279",2845,"T4",4,2023,"Mirsham Near 7","Mediterranean Desert Transition Zone",NA,"Mirsham","Near",NA,NA,34.92790483,31.482178,"29/04/2012","24/02/2023",3953,1.522880323,-117,0.689697941,-0.724097197,181.524756,-0.744474144,"Mirsham Near","Mirsham Near_24_02_2023",183.232381,-0.512048447,5,0,0,0,0,0,23,0,3,0,0,0,0,15
"280",2846,"T4",4,2023,"Mirsham Near 8","Mediterranean Desert Transition Zone",NA,"Mirsham","Near",NA,NA,34.92686715,31.48187035,"29/04/2012","24/02/2023",3953,1.522880323,-117,0.689697941,-0.724097197,101.60671,-0.818948185,"Mirsham Near","Mirsham Near_24_02_2023",107.263367,-0.582469244,0,0,0,0,0,0,5,0,0,0,0,0,0,0
"281",2847,"T4",4,2023,"Mirsham Near 9","Mediterranean Desert Transition Zone",NA,"Mirsham","Near",NA,NA,34.926381,31.48217257,"29/04/2012","24/02/2023",3953,1.522880323,-117,0.689697941,-0.724097197,45.869372,-0.870888704,"Mirsham Near","Mirsham Near_24_02_2023",51.348638,-0.634300372,0,0,0,0,0,0,1,0,0,0,0,0,0,0
